Club,Date,Club Path,Face Angle,Face To Path,Club Speed,Attack Angle,Ball Speed,Spin Rate,Carry,Side,Smash Factor
3 WOOD,"January 13, 2026",2.8,3.1,0.3,82.7,0.0,121.6,3757,184.3,43.4R,1.47
3 WOOD,"January 13, 2026",3.0,-0.3,-3.3,82.9,-0.8,122.2,3256,187.0,18.7L,1.48
5 WOOD,"August 24, 2025",5.7,2.0,-3.7,82.6,0.1,119.5,4739,173.3,13.4L,1.45
5 WOOD,"August 24, 2025",6.3,4.5,-1.8,81.8,0.3,119.0,4237,177.2,29.9R,1.45
5 WOOD,"August 24, 2025",7.3,0.5,-6.8,82.6,0.1,119.7,3569,178.9,50.9L,1.45
5 WOOD,"August 24, 2025",7.5,3.6,-3.9,82.2,0.1,121.4,4261,180.3,1.1R,1.48
5 WOOD,"August 24, 2025",7.3,4.2,-3.1,82.3,-0.5,119.8,3757,181.4,23.2R,1.45
5 WOOD,"January 15, 2026",1.2,2.1,0.9,84.5,0.0,124.5,4589,184.9,34.1R,1.47
5 WOOD,"January 15, 2026",1.5,-1.1,-2.6,84.6,-0.9,125.0,4546,184.4,31.9L,1.48
5 WOOD,"February 6, 2026",7.5,0.3,-7.2,82.0,-0.9,124.1,3116,179.6,53.8L,1.51
5 WOOD,"February 6, 2026",7.9,2.1,-5.8,82.0,-1.1,124.1,3184,180.9,30.5L,1.51
5 WOOD,"February 6, 2026",9.5,3.9,-5.6,82.7,1.1,123.4,2312,177.7,6.6L,1.49
5 WOOD,"February 6, 2026",4.8,3.9,-0.9,83.0,1.0,123.4,2404,184.5,33.7R,1.49
5 WOOD,"February 6, 2026",6.8,5.3,-1.5,82.7,0.4,123.3,2621,185.0,37.4R,1.49
5 WOOD,"February 6, 2026",8.3,4.3,-4.0,82.9,-1.3,123.1,3897,181.9,5.6R,1.48
5 WOOD,"February 6, 2026",7.5,1.8,-5.7,82.0,-1.3,123.1,3145,184.8,28.0L,1.5
5 WOOD,"February 6, 2026",7.7,4.2,-3.5,81.9,-1.3,123.5,3551,180.7,8.8R,1.51
5 WOOD,"February 6, 2026",7.5,1.3,-6.2,81.2,-1.9,122.7,2756,182.5,31.6L,1.51
5 WOOD,"February 6, 2026",9.1,4.7,-4.4,82.7,-0.9,125.0,3148,184.5,7.2R,1.51
5 WOOD,"February 6, 2026",7.1,3.8,-3.3,82.2,-1.7,124.1,3497,180.2,7.6R,1.51
5 WOOD,"February 6, 2026",5.8,1.4,-4.4,82.8,-0.6,123.0,3225,184.5,2.5L,1.49
5 WOOD,"February 6, 2026",6.9,2.6,-4.3,82.6,-0.3,123.4,4041,176.8,17.5L,1.49
5 WOOD,"February 6, 2026",8.5,4.2,-4.3,83.5,-2.1,124.4,3125,184.0,5.8R,1.49
5 WOOD,"February 6, 2026",9.3,3.4,-5.9,83.0,-0.3,121.5,2391,180.8,6.6L,1.46
5 WOOD,"February 6, 2026",10.9,5.2,-5.7,81.9,0.3,122.1,2293,181.0,8.9R,1.49
5 WOOD,"February 6, 2026",8.2,3.6,-4.6,83.0,0.8,124.8,2618,180.3,7.0L,1.5
5 WOOD,"February 6, 2026",8.3,4.2,-4.1,82.7,-1.5,122.8,2731,184.1,11.4R,1.48
5 WOOD,"February 6, 2026",8.7,5.2,-3.5,83.1,-0.9,124.0,3782,183.9,19.2R,1.49
5 WOOD,"February 6, 2026",8.9,3.1,-5.8,82.0,-1.5,122.9,3047,184.0,14.9L,1.5
6 HYBRID,"August 25, 2025",7.3,3.1,-4.2,75.9,-1.7,110.4,4898,157.5,1.9R,1.45
6 HYBRID,"August 25, 2025",8.3,1.6,-6.7,76.1,-0.9,106.3,4102,153.3,20.8L,1.4
6 HYBRID,"August 25, 2025",4.4,4.3,-0.1,76.9,-0.4,109.8,4501,158.8,34.8R,1.43
6 IRON,"January 13, 2026",2.8,0.3,-2.5,76.3,-3.0,110.3,5511,153.7,8.8L,1.45
6 IRON,"January 13, 2026",2.6,0.5,-2.1,76.3,-2.2,109.0,5354,152.4,2.6L,1.43
6 IRON,"January 13, 2026",5.0,2.0,-3.0,72.3,-1.8,101.7,3431,145.8,2.8R,1.41
6 IRON,"January 13, 2026",3.6,2.2,-1.4,72.0,-3.6,104.0,4598,146.6,10.8R,1.44
6 IRON,"January 13, 2026",4.2,1.3,-2.9,72.7,-3.4,102.4,4568,142.9,2.6L,1.41
6 IRON,"January 13, 2026",4.0,1.3,-2.7,72.0,-2.0,102.4,3823,146.1,2.4L,1.42
6 IRON,"January 13, 2026",2.6,1.3,-1.3,73.2,-2.2,105.1,4172,150.9,4.6R,1.44
6 IRON,"January 13, 2026",2.0,2.6,0.6,72.8,-3.8,103.4,4603,145.5,22.1R,1.42
6 IRON,"January 15, 2026",1.2,1.8,0.6,73.4,-1.0,106.4,4188,153.7,17.1R,1.45
6 IRON,"January 15, 2026",0.6,0.9,0.3,73.9,-1.2,105.7,4043,153.0,8.6R,1.43
6 IRON,"January 15, 2026",1.8,0.8,-1.0,74.2,-0.8,105.7,4016,152.7,0.5R,1.42
6 IRON,"January 15, 2026",1.4,-1.2,-2.6,74.1,-0.8,105.6,3822,154.0,22.5L,1.43
7 IRON,"August 23, 2025",6.2,2.5,-3.7,72.1,-2.2,103.3,4814,144.9,3.3R,1.43
7 IRON,"August 23, 2025",5.4,3.8,-1.6,72.6,-1.2,101.9,5205,141.0,21.4R,1.4
7 IRON,"August 23, 2025",5.8,3.7,-2.1,73.3,-1.2,101.7,5103,141.0,18.7R,1.39
7 IRON,"August 23, 2025",5.2,2.4,-2.8,72.8,-1.6,101.2,5136,139.8,6.7R,1.39
7 IRON,"August 23, 2025",5.2,2.9,-2.3,73.0,-1.6,104.0,5052,145.3,11.6R,1.42
7 IRON,"August 25, 2025",4.6,1.7,-2.9,72.5,-1.2,102.6,4625,144.3,0.6L,1.41
7 IRON,"August 25, 2025",5.6,2.7,-2.9,73.2,-2.2,102.7,4957,143.1,7.7R,1.4
7 IRON,"September 10, 2025",5.0,5.3,0.3,70.6,-3.0,97.9,5841,131.1,37.4R,1.39
7 IRON,"September 10, 2025",6.2,1.0,-5.2,70.8,-4.4,101.3,5099,136.7,13.2L,1.43
7 IRON,"September 10, 2025",5.0,2.6,-2.4,70.8,-4.0,99.9,5169,135.7,8.8R,1.41
7 IRON,"September 10, 2025",7.4,2.1,-5.3,71.0,-4.6,101.2,4841,139.6,4.5L,1.42
7 IRON,"September 10, 2025",5.8,2.5,-3.3,70.5,-4.0,98.2,5465,131.0,6.0R,1.39
7 IRON,"September 10, 2025",4.0,0.1,-3.9,70.7,-3.4,100.0,5295,135.6,13.8L,1.41
7 IRON,"September 10, 2025",5.8,2.8,-3.0,70.8,-2.2,99.8,4893,137.3,8.4R,1.41
7 IRON,"September 10, 2025",5.0,3.5,-1.5,70.7,-4.0,98.4,5531,132.1,19.7R,1.39
7 IRON,"September 10, 2025",6.2,2.7,-3.5,71.7,-3.2,103.4,4946,143.9,5.4R,1.44
7 IRON,"September 10, 2025",5.2,0.3,-4.9,70.0,-3.4,99.7,4998,136.7,15.4L,1.42
7 IRON,"September 10, 2025",3.6,-0.5,-4.1,70.3,-3.2,98.8,5648,131.6,17.7L,1.41
7 IRON,"September 10, 2025",6.0,2.7,-3.3,71.5,-2.8,102.9,4825,143.3,6.4R,1.44
7 IRON,"September 10, 2025",5.2,1.5,-3.7,70.2,-3.6,100.5,5444,136.5,3.3L,1.43
7 IRON,"September 10, 2025",5.6,3.7,-1.9,70.9,-2.6,101.8,5524,139.1,18.7R,1.43
7 IRON,"September 10, 2025",7.0,3.7,-3.3,72.1,-2.6,101.8,5159,140.3,13.4R,1.41
7 IRON,"September 10, 2025",4.2,2.1,-2.1,71.0,-2.6,101.8,5167,140.5,7.1R,1.43
7 IRON,"September 10, 2025",5.8,3.3,-2.5,70.9,-3.2,100.5,5492,136.9,15.1R,1.42
7 IRON,"September 10, 2025",4.0,1.9,-2.1,71.1,-2.8,101.7,5227,140.2,6.0R,1.43
7 IRON,"September 10, 2025",3.0,1.4,-1.6,70.1,-3.2,99.8,5382,135.6,3.8R,1.42
7 IRON,"September 10, 2025",4.6,4.1,-0.5,70.9,-2.4,100.3,5439,137.1,27.8R,1.41
7 IRON,"September 10, 2025",7.0,1.7,-5.3,71.4,-4.0,101.8,4577,141.7,8.3L,1.43
7 IRON,"September 10, 2025",5.6,4.3,-1.3,70.3,-3.4,99.1,5589,134.1,25.9R,1.41
7 IRON,"September 10, 2025",6.2,2.0,-4.2,70.4,-2.8,98.8,4883,135.0,1.8L,1.4
7 IRON,"September 10, 2025",7.2,0.9,-6.3,71.4,-1.2,97.4,4009,135.2,16.4L,1.36
7 IRON,"September 10, 2025",5.8,0.1,-5.7,71.1,-4.4,98.4,5509,130.0,18.5L,1.38
7 IRON,"January 13, 2026",4.2,1.8,-2.4,72.3,-3.8,101.1,4838,140.2,3.8R,1.4
7 IRON,"January 13, 2026",4.0,0.0,-4.0,71.9,-3.2,102.5,4662,143.2,16.3L,1.43
7 IRON,"January 13, 2026",3.0,1.7,-1.3,72.0,-2.2,101.4,4734,141.3,7.7R,1.41
7 IRON,"January 13, 2026",3.6,2.1,-1.5,72.4,-3.0,102.0,4641,143.0,9.7R,1.41
7 IRON,"January 13, 2026",4.2,3.0,-1.2,72.4,-4.0,98.2,5239,133.4,17.2R,1.36
7 IRON,"January 15, 2026",1.0,-0.5,-1.5,73.7,-0.2,104.7,4252,150.4,11.1L,1.42
7 IRON,"January 15, 2026",2.2,-0.6,-2.8,73.9,-1.6,105.4,4441,150.2,18.0L,1.43
7 IRON,"January 15, 2026",1.6,2.1,0.5,73.6,-2.0,106.4,4979,150.2,19.2R,1.45
7 IRON,"February 1, 2026",5.2,2.2,-3.0,71.0,-1.0,102.0,4624,142.9,4.0R,1.44
7 IRON,"February 1, 2026",6.6,2.0,-4.6,71.4,-1.8,103.0,4468,144.8,5.6L,1.44
7 IRON,"February 1, 2026",5.6,1.0,-4.6,70.8,-2.6,100.8,4678,139.1,11.2L,1.42
7 IRON,"February 1, 2026",7.0,1.8,-5.2,70.8,-2.6,100.7,4736,138.7,7.1L,1.42
7 IRON,"February 1, 2026",7.8,3.4,-4.4,69.8,-1.4,100.5,4359,140.8,6.3R,1.44
7 IRON,"February 1, 2026",4.8,-0.1,-4.9,69.9,-1.8,99.9,4189,139.0,20.2L,1.43
7 IRON,"February 1, 2026",7.0,3.0,-4.0,70.7,-2.0,101.8,4503,142.8,5.9R,1.44
7 IRON,"February 1, 2026",6.0,1.2,-4.8,70.1,-2.2,100.2,4682,137.8,11.0L,1.43
7 IRON,"February 1, 2026",8.0,1.1,-6.9,69.9,-2.0,99.5,3989,137.7,18.7L,1.42
7 IRON,"February 1, 2026",6.2,2.9,-3.3,69.6,-2.6,100.7,4579,140.2,8.1R,1.45
7 IRON,"February 1, 2026",7.2,1.3,-5.9,70.9,-2.2,103.1,4647,143.5,16.6L,1.45
7 IRON,"February 1, 2026",7.0,0.6,-6.4,70.5,-2.6,102.0,4533,139.9,22.8L,1.45
7 IRON,"February 1, 2026",6.0,0.0,-6.0,70.1,-3.2,102.2,4277,142.4,25.1L,1.46
7 IRON,"February 1, 2026",4.4,-0.7,-5.1,69.9,-2.0,101.3,4306,140.7,26.9L,1.45
7 IRON,"February 1, 2026",4.6,1.2,-3.4,70.4,-3.0,100.5,4632,139.3,4.5L,1.43
7 IRON,"February 1, 2026",7.6,2.3,-5.3,70.2,-2.0,101.8,4209,143.5,5.6L,1.45
7 IRON,"February 1, 2026",5.0,-0.3,-5.3,70.5,-2.8,103.4,4229,144.2,27.1L,1.47
7 IRON,"February 1, 2026",6.2,5.0,-1.2,70.4,-2.4,100.6,4822,139.7,32.0R,1.43
7 IRON,"February 1, 2026",7.6,0.3,-7.3,70.4,-2.8,101.0,4054,140.4,26.8L,1.43
7 IRON,"February 1, 2026",7.4,1.1,-6.3,70.4,-1.8,103.2,4387,145.0,19.8L,1.47
7 IRON,"February 1, 2026",5.6,-0.4,-6.0,71.1,-2.0,103.1,4218,144.4,30.4L,1.45
7 IRON,"February 1, 2026",7.4,1.3,-6.1,71.2,-2.6,103.0,4198,144.4,17.5L,1.45
7 IRON,"February 1, 2026",6.2,0.5,-5.7,70.3,-2.2,102.0,4516,142.0,20.3L,1.45
7 IRON,"February 1, 2026",6.6,5.2,-1.4,70.2,-3.2,100.4,4835,139.3,32.5R,1.43
7 IRON,"February 1, 2026",7.0,2.0,-5.0,71.1,-3.4,102.2,4731,140.9,6.5L,1.44
7 IRON,"February 1, 2026",6.4,0.4,-6.0,70.7,-2.2,103.8,4252,145.2,25.0L,1.47
7 IRON,"February 1, 2026",7.0,4.3,-2.7,69.2,-1.8,100.2,4355,140.2,20.7R,1.45
7 IRON,"February 1, 2026",6.2,1.1,-5.1,70.8,-1.2,103.5,4235,147.0,14.6L,1.46
7 IRON,"February 1, 2026",5.8,-0.7,-6.5,70.3,-3.4,103.3,4045,142.8,33.3L,1.47
7 IRON,"February 1, 2026",4.8,1.5,-3.3,71.1,-4.4,101.2,4649,140.8,2.1L,1.42
7 IRON,"March 14, 2026",2.8,3.8,1.0,71.1,-5.2,99.9,5300,135.7,30.3R,1.41
7 IRON,"March 14, 2026",1.4,0.6,-0.8,72.3,-4.6,98.6,5240,133.2,1.5R,1.36
7 IRON,"March 14, 2026",4.4,5.6,1.2,70.8,-3.2,97.1,5260,131.3,42.4R,1.37
7 IRON,"March 14, 2026",3.6,0.6,-3.0,72.7,-4.8,103.2,5090,141.9,7.7L,1.42
7 IRON,"March 14, 2026",2.2,0.2,-2.0,71.8,-4.4,101.8,5120,139.7,6.9L,1.42
7 IRON,"March 27, 2026",1.4,1.3,-0.1,73.4,-2.0,103.1,5603,141.3,9.6R,1.41
7 IRON,"March 27, 2026",2.8,1.1,-1.7,73.0,-2.8,104.0,5286,143.7,1.2R,1.42
7 IRON,"March 27, 2026",2.8,0.9,-1.9,72.8,-1.4,103.9,4624,146.3,3.0L,1.43
7 IRON,"March 27, 2026",2.6,-0.1,-2.7,73.2,-2.6,102.7,5201,141.7,12.1L,1.4
7 IRON,"April 13, 2026",0.2,-1.6,-1.8,72.8,-1.6,103.8,4321,147.8,20.0L,1.43
7 IRON,"April 13, 2026",0.4,1.3,0.9,71.5,-2.2,101.8,4615,143.0,12.9R,1.42
7 IRON,"April 13, 2026",-0.2,2.6,2.8,71.8,-2.0,101.7,5430,139.6,30.5R,1.42
7 IRON,"April 13, 2026",1.2,-1.3,-2.5,72.0,-1.8,102.8,4910,143.2,19.9L,1.43
7 IRON,"April 13, 2026",-1.4,0.5,1.9,72.1,-3.0,98.9,5120,134.7,11.0R,1.37
7 IRON,"April 13, 2026",1.8,-0.4,-2.2,72.8,-0.6,105.6,4730,149.5,14.4L,1.45
7 IRON,"April 13, 2026",2.4,-0.9,-3.3,72.5,-1.4,103.6,3965,148.6,22.5L,1.43
7 IRON,"April 13, 2026",2.4,0.5,-1.9,73.2,-2.8,106.2,5000,149.2,5.0L,1.45
7 IRON,"April 14, 2026",1.8,-0.2,-2.0,72.4,-1.6,102.7,5360,141.6,9.9L,1.42
7 IRON,"April 14, 2026",1.0,-1.0,-2.0,71.9,-1.2,99.7,4710,137.7,15.5L,1.39
7 IRON,"April 14, 2026",1.2,0.7,-0.5,73.0,-1.8,106.0,4940,149.3,3.2R,1.45
8 IRON,"August 23, 2025",2.6,-0.2,-2.8,70.1,-2.6,93.3,5604,123.5,8.8L,1.33
8 IRON,"August 23, 2025",3.6,-1.2,-4.8,70.2,-1.8,94.3,5431,125.9,21.9L,1.34
8 IRON,"August 23, 2025",5.0,-0.3,-5.3,70.6,-3.0,96.9,5331,131.0,18.9L,1.37
8 IRON,"August 23, 2025",2.4,-0.4,-2.8,71.5,-3.2,95.2,5942,126.0,11.0L,1.33
8 IRON,"August 23, 2025",4.2,0.8,-3.4,70.7,-1.8,95.3,5545,127.5,5.0L,1.35
8 IRON,"August 23, 2025",0.4,-1.3,-1.7,70.1,-2.8,92.2,5755,121.2,12.3L,1.32
8 IRON,"August 23, 2025",2.6,-3.0,-5.6,69.7,-2.6,95.5,5349,128.2,36.5L,1.37
8 IRON,"August 23, 2025",4.6,-2.1,-6.7,70.6,-3.4,95.6,5352,128.4,33.3L,1.35
8 IRON,"August 23, 2025",5.2,-1.4,-6.6,71.5,-3.2,99.1,5071,135.9,32.1L,1.39
8 IRON,"August 23, 2025",2.8,-1.8,-4.6,69.8,-1.8,93.7,5277,125.4,24.2L,1.34
8 IRON,"August 23, 2025",2.0,1.2,-0.8,69.7,-2.8,92.3,5654,121.8,5.5R,1.33
8 IRON,"August 23, 2025",0.4,-0.8,-1.2,69.9,-2.4,92.3,5634,121.7,7.9L,1.32
8 IRON,"August 23, 2025",3.8,-1.9,-5.7,71.5,-1.8,94.7,5345,126.7,29.0L,1.32
8 IRON,"August 23, 2025",3.8,-2.1,-5.9,71.2,-2.2,98.2,5348,132.7,34.8L,1.38
8 IRON,"August 23, 2025",3.6,-2.5,-6.1,71.4,-2.2,96.5,5234,130.0,37.0L,1.35
8 IRON,"August 23, 2025",3.0,-2.3,-5.3,71.6,-3.8,95.6,5453,127.9,30.3L,1.33
8 IRON,"August 23, 2025",0.6,-2.9,-3.5,68.9,-2.6,94.8,5345,127.0,30.0L,1.38
8 IRON,"August 23, 2025",5.4,0.5,-4.9,72.2,-2.2,97.4,5222,132.3,12.3L,1.35
8 IRON,"August 23, 2025",3.8,0.4,-3.4,70.1,-2.8,93.2,5531,123.7,6.4L,1.33
8 IRON,"August 23, 2025",1.6,-2.9,-4.5,70.0,-2.6,94.4,5539,125.7,31.7L,1.35
8 IRON,"August 23, 2025",3.2,1.6,-1.6,69.1,-3.2,92.5,5716,122.0,6.2R,1.34
8 IRON,"August 23, 2025",3.4,-1.1,-4.5,69.2,-2.0,94.3,5289,126.5,19.5L,1.36
8 IRON,"August 23, 2025",3.0,3.0,0.0,70.1,-1.8,91.6,5553,120.8,18.9R,1.31
8 IRON,"August 23, 2025",4.8,-0.9,-5.7,70.0,-2.6,93.7,5387,124.9,20.6L,1.34
8 IRON,"August 23, 2025",3.6,-1.4,-5.0,70.7,-1.8,97.6,5608,131.4,25.4L,1.38
8 IRON,"August 23, 2025",3.4,-1.3,-4.7,69.8,-3.2,96.6,5237,130.8,23.8L,1.38
8 IRON,"August 23, 2025",1.0,-1.9,-2.9,67.7,-3.4,91.2,5399,120.3,18.8L,1.35
8 IRON,"August 23, 2025",4.0,-3.0,-7.0,70.6,-3.2,98.1,5343,132.8,43.0L,1.39
8 IRON,"August 23, 2025",0.4,-1.2,-1.6,67.8,-3.4,92.4,5407,122.5,12.1L,1.36
8 IRON,"August 23, 2025",3.4,-1.6,-5.0,70.3,-3.8,92.2,5661,121.3,21.6L,1.31
8 IRON,"August 23, 2025",1.8,-2.9,-4.7,68.9,-2.0,95.3,5039,129.1,34.2L,1.38
8 IRON,"August 23, 2025",4.6,-1.5,-6.1,70.7,-3.8,97.8,5246,132.2,30.3L,1.38
8 IRON,"August 23, 2025",2.4,-1.1,-3.5,70.3,-3.2,95.1,5649,126.5,17.3L,1.35
8 IRON,"August 23, 2025",-0.4,-0.2,0.2,68.3,-2.4,91.8,5369,121.7,0.7L,1.35
8 IRON,"August 23, 2025",4.0,-1.5,-5.5,70.7,-2.4,96.3,5094,130.5,27.3L,1.36
8 IRON,"August 23, 2025",3.0,-3.4,-6.4,69.6,-3.8,94.6,5686,125.4,39.3L,1.36
8 IRON,"August 23, 2025",4.2,-2.4,-6.6,70.6,-2.0,94.8,5211,127.1,35.1L,1.34
8 IRON,"August 23, 2025",2.6,-2.0,-4.6,68.9,-2.6,94.1,5057,126.6,26.3L,1.37
8 IRON,"August 23, 2025",2.8,2.0,-0.8,69.2,-2.0,92.3,5689,121.7,10.9R,1.33
8 IRON,"August 23, 2025",2.6,-1.1,-3.7,69.0,-1.6,94.0,2571,135.0,18.2L,1.36
8 IRON,"August 23, 2025",3.2,-3.5,-6.7,71.2,-3.8,97.7,5303,132.2,45.0L,1.37
8 IRON,"August 24, 2025",5.4,0.7,-4.7,71.9,-2.0,97.7,6325,129.2,9.5L,1.36
8 IRON,"August 24, 2025",5.4,2.1,-3.3,72.4,-2.0,98.3,6294,130.3,3.9R,1.36
8 IRON,"August 24, 2025",5.6,2.3,-3.3,72.1,-2.2,96.8,6241,127.9,5.5R,1.34
8 IRON,"August 25, 2025",4.2,2.7,-1.5,71.5,-2.4,96.7,6053,128.5,13.7R,1.35
8 IRON,"August 25, 2025",4.7,-0.1,-4.8,72.7,-1.9,97.3,5838,130.0,15.8L,1.34
8 IRON,"August 25, 2025",5.6,1.7,-3.9,72.1,-0.6,98.4,5749,132.3,1.5L,1.37
8 IRON,"September 17, 2025",6.4,3.3,-3.1,70.3,-4.0,95.6,6505,124.9,13.2R,1.36
8 IRON,"September 17, 2025",5.4,0.3,-5.1,71.1,-3.6,98.0,5952,130.3,14.6L,1.38
8 IRON,"September 17, 2025",6.2,3.5,-2.7,71.0,-4.2,95.2,6548,123.9,15.3R,1.34
8 IRON,"September 17, 2025",6.8,3.9,-2.9,70.4,-3.2,95.7,6237,126.1,17.3R,1.36
8 IRON,"September 17, 2025",5.2,1.7,-3.5,71.0,-4.0,95.6,6429,124.6,1.1R,1.35
8 IRON,"September 17, 2025",6.0,3.3,-2.7,70.9,-3.8,96.5,6359,127.0,14.2R,1.36
8 IRON,"September 17, 2025",6.4,5.3,-1.1,70.7,-3.0,96.0,6852,125.1,31.7R,1.36
8 IRON,"September 17, 2025",5.4,1.4,-4.0,70.8,-3.4,97.2,5959,129.3,2.9L,1.37
8 IRON,"September 17, 2025",6.8,1.8,-5.0,70.5,-1.8,93.5,5893,122.7,2.0L,1.33
8 IRON,"September 17, 2025",4.6,1.5,-3.1,70.6,-3.4,97.0,6125,128.6,0.0R,1.37
8 IRON,"September 17, 2025",6.4,2.4,-4.0,70.8,-2.4,96.3,6284,127.0,3.9R,1.36
8 IRON,"January 15, 2026",2.0,-1.3,-3.3,72.3,-2.4,99.2,6066,132.7,20.1L,1.37
8 IRON,"January 15, 2026",0.8,0.8,0.0,72.1,-2.4,98.1,5899,131.4,5.3R,1.36
8 IRON,"January 15, 2026",2.0,0.7,-1.3,73.0,-1.8,98.5,5505,133.2,0.6R,1.35
8 IRON,"January 15, 2026",1.2,1.0,-0.2,72.6,-1.8,97.4,5689,130.4,6.1R,1.34
8 IRON,"January 15, 2026",0.8,-1.0,-1.8,72.5,-0.8,100.5,5551,137.0,14.4L,1.39
8 IRON,"January 15, 2026",1.6,0.9,-0.7,72.5,-2.6,98.4,5809,132.1,4.3R,1.36
8 IRON,"January 15, 2026",1.4,0.4,-1.0,73.0,-1.4,97.6,5278,132.7,0.4L,1.34
8 IRON,"January 15, 2026",2.4,-2.2,-4.6,72.2,-1.6,99.2,5167,136.0,31.8L,1.37
8 IRON,"March 27, 2026",3.6,0.8,-2.8,72.1,-2.2,98.5,5734,132.7,4.2L,1.37
8 IRON,"March 27, 2026",3.0,0.7,-2.3,71.9,-2.4,98.8,5755,133.1,3.0L,1.38
8 IRON,"March 27, 2026",3.2,0.5,-2.7,72.3,-2.8,99.0,5727,133.5,5.3L,1.37
8 IRON,"April 5, 2026",4.6,4.1,-0.5,70.3,-2.6,94.0,5537,125.2,25.7R,1.34
8 IRON,"April 5, 2026",4.4,-0.8,-5.2,70.8,-2.4,97.7,4736,134.4,23.4L,1.38
8 IRON,"April 5, 2026",3.4,0.6,-2.8,70.8,-1.6,96.5,4792,132.4,4.7L,1.36
8 IRON,"April 5, 2026",3.0,-1.8,-4.8,71.2,-2.2,98.4,4879,135.5,29.4L,1.38
8 IRON,"April 5, 2026",4.2,0.8,-3.4,70.4,-1.6,97.7,4923,134.2,5.5L,1.39
8 IRON,"April 5, 2026",3.0,-1.6,-4.6,70.9,-2.4,98.6,5332,134.1,26.3L,1.39
8 IRON,"April 5, 2026",5.6,-2.4,-8.0,71.1,-1.4,97.7,4939,133.1,44.1L,1.37
8 IRON,"April 5, 2026",5.0,-0.3,-5.3,71.3,-1.8,99.1,4899,136.7,20.9L,1.39
8 IRON,"April 5, 2026",4.8,1.5,-3.3,70.1,-3.0,95.2,4887,129.3,0.5R,1.36
8 IRON,"April 5, 2026",3.8,1.6,-2.2,71.3,-2.0,96.9,4883,132.9,3.8R,1.36
8 IRON,"April 5, 2026",4.0,-3.0,-7.0,71.9,-2.2,100.8,5068,138.6,47.7L,1.4
8 IRON,"April 5, 2026",1.2,2.1,0.9,71.1,-2.2,95.5,5159,129.0,17.1R,1.34
8 IRON,"April 5, 2026",6.8,0.2,-6.6,70.2,-1.4,98.4,4421,137.2,21.5L,1.4
8 IRON,"April 5, 2026",0.6,0.5,-0.1,70.2,-2.2,92.9,5493,123.2,3.3R,1.32
8 IRON,"April 7, 2026",-2.4,-2.3,0.1,70.0,-2.6,96.0,5495,128.9,15.2L,1.37
8 IRON,"April 7, 2026",2.2,2.1,-0.1,73.5,-4.2,99.1,6664,130.9,14.7R,1.35
8 IRON,"April 7, 2026",-1.6,-2.1,-0.5,70.9,-1.4,95.5,5628,127.5,15.4L,1.35
8 IRON,"April 7, 2026",3.0,1.4,-1.6,72.4,-3.6,99.5,6184,132.9,4.6R,1.37
8 IRON,"April 7, 2026",2.6,1.7,-0.9,72.6,-2.8,98.9,6264,131.6,9.3R,1.36
8 IRON,"April 7, 2026",4.0,1.6,-2.4,73.2,-2.2,97.6,5984,130.0,3.8R,1.33
8 IRON,"April 7, 2026",3.4,0.7,-2.7,73.2,-3.2,100.5,6054,135.1,4.3L,1.37
8 IRON,"April 13, 2026",4.6,-0.2,-4.8,70.8,-1.6,99.0,5526,134.1,18.3L,1.4
8 IRON,"April 13, 2026",5.8,3.1,-2.7,70.5,-1.8,96.0,5764,128.0,12.8R,1.36
8 IRON,"April 13, 2026",7.0,1.0,-6.0,70.6,-1.0,95.5,4869,129.7,12.4L,1.35
8 IRON,"April 13, 2026",6.6,2.3,-4.3,70.2,-0.4,95.0,5008,128.8,2.2R,1.35
8 IRON,"April 13, 2026",4.2,1.9,-2.3,71.0,-2.0,94.7,5793,125.7,5.9R,1.34
8 IRON,"April 13, 2026",4.6,2.4,-2.2,70.9,-1.4,95.9,5429,129.0,9.6R,1.35
8 IRON,"April 13, 2026",1.8,-1.6,-3.4,70.4,-1.4,95.5,5226,128.9,21.5L,1.36
8 IRON,"April 13, 2026",4.4,2.0,-2.4,71.6,-1.8,97.5,5751,130.7,6.1R,1.36
8 IRON,"April 13, 2026",3.0,1.7,-1.3,71.1,-2.4,97.3,5624,130.9,7.2R,1.37
8 IRON,"April 13, 2026",3.4,2.4,-1.0,71.1,-3.4,97.3,5742,130.5,13.7R,1.37
8 IRON,"April 14, 2026",2.4,0.4,-2.0,71.5,-2.0,99.0,5078,136.0,3.8L,1.39
8 IRON,"April 14, 2026",1.0,0.5,-0.5,70.0,-2.6,96.3,5552,129.4,1.6R,1.38
8 IRON,"June 14, 2026",2.6,-0.2,-2.8,70.1,-2.6,93.3,5604,123.5,8.8L,1.33
8 IRON,"June 14, 2026",3.6,-1.2,-4.8,70.2,-1.8,94.3,5431,125.9,21.9L,1.34
8 IRON,"June 14, 2026",5.0,-0.3,-5.3,70.6,-3.0,96.9,5331,131.0,18.9L,1.37
8 IRON,"June 14, 2026",2.4,-0.4,-2.8,71.5,-3.2,95.2,5942,126.0,11.0L,1.33
8 IRON,"June 14, 2026",4.2,0.8,-3.4,70.7,-1.8,95.3,5545,127.5,5.0L,1.35
8 IRON,"June 14, 2026",0.4,-1.3,-1.7,70.1,-2.8,92.2,5755,121.2,12.3L,1.32
8 IRON,"June 14, 2026",2.6,-3.0,-5.6,69.7,-2.6,95.5,5349,128.2,36.5L,1.37
8 IRON,"June 14, 2026",4.6,-2.1,-6.7,70.6,-3.4,95.6,5352,128.4,33.3L,1.35
8 IRON,"June 14, 2026",5.2,-1.4,-6.6,71.5,-3.2,99.1,5071,135.9,32.1L,1.39
8 IRON,"June 14, 2026",2.8,-1.8,-4.6,69.8,-1.8,93.7,5277,125.4,24.2L,1.34
8 IRON,"June 14, 2026",2.0,1.2,-0.8,69.7,-2.8,92.3,5654,121.8,5.5R,1.33
8 IRON,"June 14, 2026",0.4,-0.8,-1.2,69.9,-2.4,92.3,5634,121.7,7.9L,1.32
8 IRON,"June 14, 2026",3.8,-1.9,-5.7,71.5,-1.8,94.7,5345,126.7,29.0L,1.32
8 IRON,"June 14, 2026",3.8,-2.1,-5.9,71.2,-2.2,98.2,5348,132.7,34.8L,1.38
8 IRON,"June 14, 2026",3.6,-2.5,-6.1,71.4,-2.2,96.5,5234,130.0,37.0L,1.35
8 IRON,"June 14, 2026",3.0,-2.3,-5.3,71.6,-3.8,95.6,5453,127.9,30.3L,1.33
8 IRON,"June 14, 2026",0.6,-2.9,-3.5,68.9,-2.6,94.8,5345,127.0,30.0L,1.38
8 IRON,"June 14, 2026",5.4,0.5,-4.9,72.2,-2.2,97.4,5222,132.3,12.3L,1.35
8 IRON,"June 14, 2026",3.8,0.4,-3.4,70.1,-2.8,93.2,5531,123.7,6.4L,1.33
8 IRON,"June 14, 2026",1.6,-2.9,-4.5,70.0,-2.6,94.4,5539,125.7,31.7L,1.35
8 IRON,"June 14, 2026",3.2,1.6,-1.6,69.1,-3.2,92.5,5716,122.0,6.2R,1.34
8 IRON,"June 14, 2026",3.4,-1.1,-4.5,69.2,-2.0,94.3,5289,126.5,19.5L,1.36
8 IRON,"June 14, 2026",3.0,3.0,0.0,70.1,-1.8,91.6,5553,120.8,18.9R,1.31
8 IRON,"June 14, 2026",4.8,-0.9,-5.7,70.0,-2.6,93.7,5387,124.9,20.6L,1.34
8 IRON,"June 14, 2026",3.6,-1.4,-5.0,70.7,-1.8,97.6,5608,131.4,25.4L,1.38
8 IRON,"June 14, 2026",3.4,-1.3,-4.7,69.8,-3.2,96.6,5237,130.8,23.8L,1.38
8 IRON,"June 14, 2026",1.0,-1.9,-2.9,67.7,-3.4,91.2,5399,120.3,18.8L,1.35
8 IRON,"June 14, 2026",4.0,-3.0,-7.0,70.6,-3.2,98.1,5343,132.8,43.0L,1.39
8 IRON,"June 14, 2026",0.4,-1.2,-1.6,67.8,-3.4,92.4,5407,122.5,12.1L,1.36
8 IRON,"June 14, 2026",3.4,-1.6,-5.0,70.3,-3.8,92.2,5661,121.3,21.6L,1.31
8 IRON,"June 14, 2026",1.8,-2.9,-4.7,68.9,-2.0,95.3,5039,129.1,34.2L,1.38
8 IRON,"June 14, 2026",4.6,-1.5,-6.1,70.7,-3.8,97.8,5246,132.2,30.3L,1.38
8 IRON,"June 14, 2026",2.4,-1.1,-3.5,70.3,-3.2,95.1,5649,126.5,17.3L,1.35
8 IRON,"June 14, 2026",-0.4,-0.2,0.2,68.3,-2.4,91.8,5369,121.7,0.7L,1.35
8 IRON,"June 14, 2026",4.0,-1.5,-5.5,70.7,-2.4,96.3,5094,130.5,27.3L,1.36
8 IRON,"June 14, 2026",3.0,-3.4,-6.4,69.6,-3.8,94.6,5686,125.4,39.3L,1.36
8 IRON,"June 14, 2026",4.2,-2.4,-6.6,70.6,-2.0,94.8,5211,127.1,35.1L,1.34
8 IRON,"June 14, 2026",2.6,-2.0,-4.6,68.9,-2.6,94.1,5057,126.6,26.3L,1.37
8 IRON,"June 14, 2026",2.8,2.0,-0.8,69.2,-2.0,92.3,5689,121.7,10.9R,1.33
8 IRON,"June 14, 2026",2.6,-1.1,-3.7,69.0,-1.6,94.0,2571,135.0,18.2L,1.36
8 IRON,"June 14, 2026",3.2,-3.5,-6.7,71.2,-3.8,97.7,5303,132.2,45.0L,1.37
9 IRON,"August 24, 2025",6.0,1.8,-4.2,69.2,-1.6,89.1,6989,112.7,2.6R,1.29
9 IRON,"August 24, 2025",5.6,1.9,-3.7,70.2,-1.4,92.0,6969,117.7,3.4R,1.31
9 IRON,"August 24, 2025",5.8,1.1,-4.7,69.8,-3.0,91.3,6999,116.5,2.3L,1.31
9 IRON,"August 24, 2025",5.4,2.9,-2.5,69.2,-2.4,90.7,7062,115.3,12.8R,1.31
9 IRON,"August 24, 2025",6.0,0.9,-5.1,70.0,-1.2,90.8,6789,115.8,5.3L,1.3
9 IRON,"August 24, 2025",6.2,2.6,-3.6,70.0,-1.4,90.1,7066,114.1,8.5R,1.29
9 IRON,"August 24, 2025",5.4,0.3,-5.1,70.4,-0.8,91.8,6712,117.7,9.4L,1.3
9 IRON,"August 24, 2025",6.4,1.2,-5.2,70.0,-1.4,91.4,6867,116.8,3.6L,1.3
9 IRON,"August 24, 2025",6.4,1.8,-4.7,71.1,-2.4,91.0,7027,115.9,1.2R,1.28
9 IRON,"August 24, 2025",5.8,1.2,-4.6,70.8,-1.4,92.5,6917,118.5,3.0L,1.31
9 IRON,"August 24, 2025",5.8,1.4,-4.4,68.8,-1.0,89.3,6958,113.0,0.3R,1.3
9 IRON,"August 25, 2025",5.8,-0.1,-5.9,69.1,-2.0,90.3,6623,115.5,12.3L,1.31
9 IRON,"August 25, 2025",4.4,1.4,-3.0,69.2,-2.6,87.4,7232,109.5,2.8R,1.26
9 IRON,"August 25, 2025",4.0,1.3,-2.7,68.1,-0.6,88.4,6973,111.3,2.4R,1.3
9 IRON,"August 25, 2025",5.8,2.0,-3.8,69.7,-2.2,90.5,6624,115.6,4.5R,1.3
9 IRON,"August 25, 2025",4.4,3.0,-1.4,69.6,-1.6,89.5,7089,112.9,14.9R,1.29
9 IRON,"August 25, 2025",4.6,-0.3,-4.9,69.9,-1.4,92.3,6593,119.0,13.0L,1.32
9 IRON,"August 25, 2025",5.0,2.3,-2.7,69.5,-1.6,91.8,6732,117.9,8.4R,1.32
9 IRON,"August 25, 2025",5.1,0.2,-4.9,71.2,-3.1,90.6,6778,115.8,9.0L,1.27
9 IRON,"September 2, 2025",3.2,1.2,-2.0,68.7,-3.8,88.1,6661,111.7,4.0R,1.28
9 IRON,"September 2, 2025",4.0,1.2,-2.8,68.7,-1.8,89.2,6284,114.4,1.5R,1.3
9 IRON,"September 2, 2025",4.0,-2.0,-6.0,68.9,-1.8,89.6,6043,115.5,24.6L,1.3
9 IRON,"September 2, 2025",4.0,-1.4,-5.4,65.7,-3.0,86.7,5881,110.7,17.6L,1.32
9 IRON,"September 2, 2025",4.0,-1.9,-5.9,65.9,-2.8,87.1,5979,111.1,21.6L,1.32
9 IRON,"September 2, 2025",3.0,-0.3,-3.3,64.4,-3.0,85.0,5905,107.6,7.1L,1.32
9 IRON,"September 2, 2025",3.6,0.8,-2.8,65.4,-3.6,86.0,6007,109.3,0.2R,1.31
9 IRON,"September 2, 2025",3.6,-1.6,-5.2,66.3,-3.0,87.3,5997,111.5,18.4L,1.32
9 IRON,"September 2, 2025",3.0,-0.9,-3.9,69.1,-3.0,90.6,6222,117.0,13.6L,1.31
9 IRON,"September 2, 2025",3.8,-0.8,-4.6,66.3,-2.8,88.6,5642,114.8,14.5L,1.34
9 IRON,"September 2, 2025",3.4,0.1,-3.3,68.4,-3.4,91.2,6358,117.9,6.7L,1.33
9 IRON,"September 10, 2025",7.6,1.8,-5.8,68.6,-3.6,88.3,6389,112.6,0.2L,1.29
9 IRON,"September 10, 2025",4.8,3.0,-1.8,69.7,-3.8,89.4,6719,113.9,14.2R,1.28
9 IRON,"September 10, 2025",5.8,0.6,-5.2,69.1,-4.8,87.1,6618,109.9,5.2L,1.26
9 IRON,"September 10, 2025",7.2,1.2,-6.0,68.7,-3.8,89.0,6318,113.9,3.9L,1.3
9 IRON,"September 10, 2025",6.4,0.9,-5.5,69.7,-3.0,89.7,6281,115.3,5.6L,1.29
9 IRON,"September 10, 2025",4.6,2.8,-1.8,69.0,-4.8,87.9,6792,111.2,13.6R,1.27
9 IRON,"September 10, 2025",6.2,1.6,-4.6,70.0,-4.2,87.9,6563,111.5,1.3R,1.26
9 IRON,"September 10, 2025",7.8,0.8,-7.0,69.3,-3.2,88.5,6131,113.4,8.2L,1.28
9 IRON,"September 10, 2025",5.2,2.7,-2.5,69.5,-5.2,85.2,6974,106.1,11.9R,1.23
9 IRON,"September 10, 2025",5.6,3.5,-2.1,69.5,-3.2,89.8,6521,114.9,16.9R,1.29
9 IRON,"September 10, 2025",6.8,1.3,-5.5,69.5,-3.8,90.9,6088,117.9,3.7L,1.31
9 IRON,"September 10, 2025",5.2,2.9,-2.3,69.9,-2.6,89.1,6641,113.4,13.4R,1.28
9 IRON,"September 10, 2025",5.6,-1.7,-7.3,68.6,-4.6,88.5,6246,113.0,23.3L,1.29
9 IRON,"September 17, 2025",6.2,0.7,-5.5,69.8,-2.6,91.1,6928,116.3,6.8L,1.3
9 IRON,"September 17, 2025",7.8,3.8,-4.0,70.0,-3.6,89.0,6921,112.8,15.5R,1.27
9 IRON,"September 17, 2025",6.0,1.2,-4.8,70.1,-4.4,90.3,6958,115.0,1.5L,1.29
9 IRON,"September 17, 2025",7.4,1.5,-5.9,70.0,-3.8,92.2,6611,118.8,3.2L,1.32
9 IRON,"September 17, 2025",5.2,-2.2,-7.4,69.9,-3.0,91.3,6581,117.2,28.8L,1.3
9 IRON,"January 15, 2026",5.8,1.7,-4.1,70.2,-4.0,88.5,7204,111.4,3.6R,1.26
9 IRON,"January 15, 2026",4.4,0.6,-3.8,70.2,-3.4,89.6,6607,114.3,3.4L,1.28
9 IRON,"January 15, 2026",4.2,-1.0,-5.2,70.2,-3.8,92.3,6528,119.2,17.9L,1.31
9 IRON,"January 15, 2026",3.8,-0.4,-4.2,71.2,-3.8,92.0,6941,117.7,11.1L,1.29
9 IRON,"January 15, 2026",4.2,1.2,-3.0,71.2,-3.4,91.5,6936,117.0,1.4R,1.29
9 IRON,"January 15, 2026",4.4,2.1,-2.3,70.7,-4.8,88.8,7439,111.5,8.9R,1.26
9 IRON,"January 20, 2026",3.0,-0.8,-3.8,71.5,-2.8,94.4,6289,123.4,14.0L,1.32
9 IRON,"January 20, 2026",2.4,-1.3,-3.7,71.0,-3.0,94.5,6283,123.3,17.2L,1.33
9 IRON,"January 20, 2026",2.6,0.1,-2.5,70.2,-2.4,92.3,6517,119.1,4.7L,1.32
9 IRON,"January 20, 2026",0.8,-2.8,-3.6,70.7,-2.4,93.2,6352,120.9,25.5L,1.32
9 IRON,"January 20, 2026",2.2,0.6,-1.6,70.9,-3.6,90.5,7029,115.2,0.6R,1.28
9 IRON,"January 20, 2026",3.2,-2.5,-5.7,71.2,-3.8,94.4,6401,123.3,30.1L,1.33
9 IRON,"January 20, 2026",2.0,1.8,-0.2,69.3,-3.0,90.8,7033,115.2,10.4R,1.31
9 IRON,"March 27, 2026",3.6,2.7,-0.9,70.2,-3.8,90.6,7049,115.4,14.7R,1.29
9 IRON,"March 27, 2026",3.6,1.5,-2.1,70.8,-2.6,92.1,6998,117.9,4.8R,1.3
9 IRON,"March 27, 2026",4.2,3.4,-0.8,70.4,-3.8,90.5,7348,114.3,19.2R,1.29
9 IRON,"March 27, 2026",2.2,1.5,-0.7,70.8,-2.4,90.2,7182,114.3,7.7R,1.27
9 IRON,"March 27, 2026",3.0,0.3,-2.7,71.3,-1.8,93.2,7118,119.5,4.1L,1.31
9 IRON,"March 27, 2026",4.2,2.0,-2.2,70.7,-3.2,91.3,6808,117.0,7.7R,1.29
9 IRON,"April 7, 2026",4.8,2.2,-2.6,71.0,-2.8,91.0,7400,115.0,8.0R,1.28
9 IRON,"April 7, 2026",3.6,1.9,-1.7,69.3,-4.4,87.5,7295,109.5,8.3R,1.26
9 IRON,"April 7, 2026",4.2,2.5,-1.7,69.6,-2.8,87.6,7267,109.7,12.0R,1.26
9 IRON,"April 7, 2026",5.2,2.6,-2.6,71.2,-3.2,93.4,7320,119.1,10.8R,1.31
9 IRON,"April 7, 2026",2.2,-0.2,-2.4,71.1,-2.6,92.6,7200,118.2,6.3L,1.3
9 IRON,"April 7, 2026",5.2,0.6,-4.6,69.6,-3.6,91.8,6742,117.9,5.6L,1.32
9 IRON,"April 7, 2026",3.4,3.9,0.5,69.4,-3.8,88.2,7543,110.2,23.4R,1.27
9 IRON,"April 7, 2026",6.0,1.5,-4.5,71.1,-2.8,92.3,6417,119.4,0.3L,1.3
9 IRON,"April 7, 2026",4.0,0.7,-3.3,69.7,-4.0,84.9,7036,105.5,0.7L,1.22
9 IRON,"April 7, 2026",5.6,1.3,-4.3,70.5,-3.4,90.1,7410,113.7,0.1L,1.28
9 IRON,"April 7, 2026",4.0,2.3,-1.7,70.8,-2.2,86.1,6788,108.0,10.3R,1.22
9 IRON,"April 7, 2026",7.2,4.4,-2.8,69.3,-3.8,89.8,6729,114.5,21.1R,1.3
9 IRON,"April 7, 2026",3.4,1.6,-1.8,71.1,-2.4,89.6,6879,114.0,6.6R,1.26
9 IRON,"April 11, 2026",2.2,0.4,-1.8,69.1,-2.2,88.1,6637,111.4,0.9L,1.27
9 IRON,"April 11, 2026",4.2,0.4,-3.8,70.2,-1.6,90.6,6302,116.6,5.5L,1.29
9 IRON,"April 11, 2026",6.1,-0.9,-7.0,70.5,-2.9,91.9,6829,117.7,19.8L,1.3
9 IRON,"April 11, 2026",6.2,2.4,-3.8,69.9,-1.8,88.0,6947,110.9,7.3R,1.26
9 IRON,"April 11, 2026",0.4,0.1,-0.3,70.4,-2.0,88.8,6558,112.9,0.5R,1.26
9 IRON,"April 11, 2026",3.8,3.0,-0.8,69.4,-2.2,89.2,7013,112.6,16.5R,1.28
9 IRON,"April 11, 2026",6.8,3.3,-3.5,70.1,-1.4,89.8,6423,115.0,12.6R,1.28
9 IRON,"April 11, 2026",4.8,2.1,-2.7,70.5,-2.2,93.5,5884,123.2,6.1R,1.33
9 IRON,"April 11, 2026",6.0,1.8,-4.2,69.6,-1.8,90.7,6474,116.5,2.6R,1.3
9 IRON,"April 11, 2026",5.0,3.2,-1.8,69.0,-0.8,89.7,6582,114.2,15.1R,1.3
9 IRON,"June 13, 2026",1.4,-3.3,-4.7,68.3,-0.6,89.9,5881,116.2,30.0L,1.32
9 IRON,"June 13, 2026",2.4,-0.9,-3.3,68.9,-1.4,89.4,6395,114.2,11.9L,1.3
9 IRON,"June 13, 2026",1.8,0.5,-1.3,69.0,-0.8,89.9,6827,113.9,0.3R,1.3
9 IRON,"June 13, 2026",2.6,0.0,-2.6,69.6,-3.0,90.4,7019,114.9,4.6L,1.3
9 IRON,"June 13, 2026",2.8,-2.0,-4.8,69.3,-1.8,87.6,5923,112.3,20.6L,1.26
9 IRON,"June 13, 2026",1.2,-1.3,-2.5,69.1,-1.2,86.9,6202,110.5,11.9L,1.26
9 IRON,"June 13, 2026",0.2,-1.7,-1.9,68.4,-0.6,86.2,6315,108.7,13.0L,1.26
9 IRON,"June 13, 2026",1.6,-1.3,-2.9,67.8,-1.0,86.2,5969,109.5,12.0L,1.27
9 IRON,"June 13, 2026",1.0,-0.3,-1.3,68.4,-1.4,88.4,6049,113.5,4.4L,1.29
DRIVER,"August 24, 2025",3.8,2.4,-1.4,85.6,4.2,126.8,2303,201.4,7.6R,1.48
DRIVER,"August 24, 2025",1.4,-0.7,-2.1,85.6,3.8,127.1,2245,202.4,11.0L,1.48
DRIVER,"August 24, 2025",3.6,2.7,-0.9,85.3,4.8,126.8,1977,202.9,16.4R,1.49
DRIVER,"August 24, 2025",2.4,-1.3,-3.7,85.6,3.4,125.6,2853,191.3,1.3L,1.47
DRIVER,"August 24, 2025",1.8,-0.7,-2.5,85.1,2.8,126.0,2556,199.7,2.9L,1.48
DRIVER,"August 24, 2025",2.4,0.7,-1.7,85.3,4.8,126.6,1902,198.1,7.6L,1.48
DRIVER,"August 24, 2025",2.8,-3.0,-5.8,84.5,3.4,123.3,2388,194.4,53.4L,1.46
DRIVER,"August 24, 2025",0.6,-2.9,-3.5,85.0,3.8,125.2,2084,194.6,26.5L,1.47
DRIVER,"August 24, 2025",2.2,0.2,-2.0,85.9,3.8,127.4,2278,199.8,13.6R,1.48
DRIVER,"August 24, 2025",2.0,1.4,-0.6,85.1,4.4,126.1,2111,202.3,27.7R,1.48
DRIVER,"October 17, 2025",3.7,3.4,-0.3,88.5,4.3,130.5,2483,204.9,29.2R,1.47
DRIVER,"October 17, 2025",4.8,5.5,0.7,88.1,3.2,127.2,2614,208.5,70.6R,1.44
DRIVER,"October 17, 2025",4.8,2.0,-2.8,87.8,3.4,128.8,2632,208.2,30.9L,1.47
DRIVER,"October 17, 2025",3.0,-0.6,-3.6,87.7,4.0,129.1,2812,208.4,4.3L,1.47
DRIVER,"October 17, 2025",-2.0,-3.9,-1.9,95.0,0.2,142.0,1988,208.0,44.3L,1.49
DRIVER,"October 17, 2025",3.6,0.3,-3.3,87.8,5.2,129.5,2391,211.1,0.3R,1.48
DRIVER,"October 17, 2025",3.7,3.4,-0.3,86.4,4.7,128.4,2754,209.4,40.4R,1.49
DRIVER,"October 17, 2025",4.4,2.2,-2.2,87.8,3.4,129.3,2618,209.6,5.6R,1.47
DRIVER,"October 17, 2025",3.6,0.8,-2.8,88.0,2.8,130.5,2478,211.6,8.3L,1.48
DRIVER,"October 17, 2025",3.9,4.1,0.2,88.3,3.9,130.7,2305,212.3,47.4R,1.48
DRIVER,"October 17, 2025",3.6,3.2,-0.4,87.3,3.8,127.8,2081,207.4,33.2R,1.46
DRIVER,"October 17, 2025",1.9,2.5,0.6,88.8,4.7,129.2,2461,208.8,49.9R,1.45
DRIVER,"October 17, 2025",4.6,0.1,-4.5,87.1,5.2,129.0,2151,205.1,11.3L,1.48
DRIVER,"October 17, 2025",5.2,3.4,-1.8,88.4,3.6,131.4,2411,210.1,10.9R,1.49
DRIVER,"October 17, 2025",-2.4,-2.4,0.0,90.8,-1.4,134.4,1961,196.4,4.8L,1.48
DRIVER,"October 17, 2025",3.8,4.9,1.1,87.8,4.8,129.6,2269,209.4,70.8R,1.48
DRIVER,"October 17, 2025",4.3,2.5,-1.8,88.6,4.9,129.6,2758,201.1,8.7L,1.46
DRIVER,"October 17, 2025",6.2,1.2,-5.0,87.9,3.4,128.5,2609,203.4,27.0L,1.46
DRIVER,"January 13, 2026",3.8,0.1,-3.7,87.0,3.8,128.9,2168,199.1,6.9L,1.48
DRIVER,"January 13, 2026",4.8,2.3,-2.5,87.2,3.2,125.3,3203,194.8,51.3R,1.44
DRIVER,"January 13, 2026",3.0,2.1,-0.9,87.2,4.2,128.0,2238,206.5,24.1R,1.47
DRIVER,"March 13, 2026",10.4,3.2,-7.2,88.5,4.6,128.4,2422,202.2,23.2L,1.45
DRIVER,"March 13, 2026",9.8,4.6,-5.2,87.2,3.6,126.0,2531,200.9,23.2R,1.44
DRIVER,"March 13, 2026",9.0,4.3,-4.7,88.5,3.6,126.1,1929,203.2,12.6R,1.43
DRIVER,"March 13, 2026",8.8,3.5,-5.3,88.0,3.0,128.1,2127,204.0,33.6R,1.46
DRIVER,"March 13, 2026",8.8,1.2,-7.6,88.4,3.4,129.4,2234,200.8,18.7L,1.46
DRIVER,"March 13, 2026",8.0,0.4,-7.6,89.4,3.2,130.2,1981,200.4,28.8L,1.46
DRIVER,"March 13, 2026",9.2,2.2,-7.0,88.1,4.0,128.4,1835,196.9,1.4R,1.46
DRIVER,"March 13, 2026",7.4,3.1,-4.3,88.4,2.6,129.0,2191,201.9,23.5R,1.46
DRIVER,"March 13, 2026",7.0,3.6,-3.4,86.6,6.8,127.4,1679,197.2,17.8L,1.47
DRIVER,"March 13, 2026",6.6,1.5,-5.1,88.5,1.8,128.5,2161,202.9,11.0R,1.45
DRIVER,"March 13, 2026",6.6,0.5,-6.1,89.0,4.6,131.2,2533,205.9,7.8L,1.47
DRIVER,"March 13, 2026",9.0,4.1,-4.9,85.7,5.2,126.0,2048,197.3,20.4R,1.47
DRIVER,"March 13, 2026",7.0,1.9,-5.1,87.6,2.6,128.2,1973,200.2,18.9R,1.46
DRIVER,"March 13, 2026",9.8,4.2,-5.6,87.2,4.4,127.6,2044,198.3,6.5R,1.46
DRIVER,"March 13, 2026",6.0,0.6,-5.4,87.0,6.2,127.8,2275,201.2,7.5L,1.47
DRIVER,"March 13, 2026",8.6,3.2,-5.4,87.8,4.4,126.8,2157,204.9,55.4R,1.44
DRIVER,"March 13, 2026",9.2,2.5,-6.7,88.5,4.8,126.7,1746,200.7,14.6R,1.43
DRIVER,"March 13, 2026",8.4,3.2,-5.2,87.5,2.8,127.5,2085,201.0,18.7R,1.46
DRIVER,"March 13, 2026",10.2,6.0,-4.2,87.4,4.2,124.7,1763,202.0,59.6R,1.43
DRIVER,"March 13, 2026",7.0,1.4,-5.6,89.0,2.2,128.4,2141,200.8,5.3L,1.44
DRIVER,"March 13, 2026",8.2,4.2,-4.0,87.0,3.4,125.7,1912,199.3,24.2R,1.45
DRIVER,"March 14, 2026",7.4,1.3,-6.1,86.8,3.2,126.6,2709,196.2,4.1R,1.46
DRIVER,"March 14, 2026",6.2,2.9,-3.3,87.6,3.8,127.3,2077,205.1,1.7L,1.45
DRIVER,"March 14, 2026",5.8,3.7,-2.1,86.8,4.4,125.7,2411,204.4,22.1R,1.45
DRIVER,"March 14, 2026",6.2,3.4,-2.8,88.1,4.0,130.4,2180,205.6,9.7R,1.48
DRIVER,"March 14, 2026",7.8,8.4,0.6,86.5,2.8,126.2,2468,205.3,89.8R,1.46
DRIVER,"March 14, 2026",6.8,0.6,-6.2,86.5,3.2,128.0,2241,196.5,16.2L,1.48
DRIVER,"March 14, 2026",7.4,-0.4,-7.8,87.2,2.4,126.1,2559,191.7,13.0L,1.45
DRIVER,"March 14, 2026",3.6,5.5,1.9,86.4,2.4,125.2,2625,201.7,78.9R,1.45
DRIVER,"March 14, 2026",5.8,2.3,-3.5,87.8,3.8,129.4,2390,208.2,22.8R,1.47
DRIVER,"March 14, 2026",6.4,2.9,-3.5,87.1,3.6,127.9,2507,204.7,24.5R,1.47
GW,"August 25, 2025",5.4,-0.5,-5.9,68.8,-2.2,79.1,8311,93.7,5.6L,1.15
GW,"August 25, 2025",4.0,-0.4,-4.4,68.9,-2.0,78.0,8706,91.7,3.6L,1.13
GW,"August 25, 2025",4.8,-0.3,-5.1,68.3,-1.2,78.4,8371,91.8,3.9L,1.15
GW,"September 2, 2025",6.4,-1.4,-7.8,67.8,-2.2,76.4,8112,89.4,9.7L,1.13
GW,"September 2, 2025",2.6,-0.8,-3.4,68.6,-1.4,79.9,8244,95.1,6.3L,1.16
GW,"September 2, 2025",4.4,-2.4,-6.8,67.5,-3.0,79.4,7421,95.0,17.0L,1.18
GW,"September 2, 2025",4.4,-1.9,-6.3,67.7,-2.2,78.6,7912,93.3,12.8L,1.16
GW,"September 2, 2025",5.0,-1.2,-6.2,67.7,-2.6,79.0,7383,94.6,10.4L,1.17
GW,"September 17, 2025",6.6,0.1,-6.5,68.3,-3.6,79.3,8161,94.3,3.6L,1.16
GW,"September 17, 2025",7.0,2.3,-4.7,68.2,-3.4,77.0,8498,90.3,9.2R,1.13
GW,"September 17, 2025",6.4,0.9,-5.5,68.1,-3.8,78.7,8319,93.2,1.5R,1.15
GW,"September 17, 2025",6.6,2.1,-4.5,66.1,-4.0,78.1,8542,92.0,8.3R,1.18
GW,"September 17, 2025",4.8,2.5,-2.3,68.1,-4.0,82.0,8429,98.7,10.9R,1.2
GW,"October 2, 2025",4.4,1.1,-3.3,67.8,-3.0,78.1,8090,92.5,3.3R,1.15
GW,"October 2, 2025",5.2,-0.3,-5.5,69.1,-3.0,77.6,8740,90.7,3.2L,1.12
GW,"October 2, 2025",5.0,-1.9,-6.9,68.3,-4.0,79.7,8109,94.9,13.7L,1.17
GW,"October 2, 2025",4.6,2.3,-2.3,69.5,-3.6,77.1,8930,89.6,10.3R,1.11
GW,"October 17, 2025",5.0,-0.2,-5.2,69.3,-2.6,78.4,8818,92.3,3.0L,1.13
GW,"October 17, 2025",5.4,-0.9,-6.3,68.9,-4.0,77.6,8736,91.0,6.4L,1.13
GW,"October 17, 2025",5.2,-1.1,-6.3,68.7,-5.0,78.0,8807,91.7,7.5L,1.14
GW,"October 17, 2025",5.0,-1.4,-6.4,68.9,-3.4,79.2,8667,93.8,10.3L,1.15
GW,"January 13, 2026",5.0,-0.3,-5.3,68.1,-4.2,75.3,8465,87.6,2.7L,1.11
GW,"January 13, 2026",4.6,-1.5,-6.1,68.6,-3.4,77.6,8543,91.1,9.6L,1.13
GW,"January 15, 2026",4.6,0.8,-3.8,68.5,-5.0,75.5,9237,87.3,3.0R,1.1
GW,"January 15, 2026",5.6,1.1,-4.5,68.9,-3.6,76.7,8689,89.2,3.8R,1.11
GW,"January 15, 2026",4.6,1.4,-3.2,69.6,-3.4,76.2,9066,88.2,5.9R,1.1
GW,"January 15, 2026",5.0,2.2,-2.8,67.7,-4.6,80.7,8003,96.8,9.0R,1.19
GW,"January 15, 2026",5.4,2.0,-3.4,68.7,-3.8,81.7,8031,98.4,7.6R,1.19
GW,"January 15, 2026",4.8,1.9,-2.9,67.7,-2.6,76.2,9328,87.9,8.1R,1.13
GW,"January 15, 2026",4.4,-0.3,-4.7,68.6,-3.4,82.2,7648,99.7,6.0L,1.2
GW,"January 15, 2026",5.2,1.0,-4.2,68.7,-3.6,81.9,7902,98.9,1.6R,1.19
GW,"January 15, 2026",5.4,-0.2,-5.6,69.0,-2.8,78.1,8646,91.5,3.3L,1.13
GW,"January 15, 2026",5.4,1.8,-3.6,68.9,-3.6,82.4,7849,99.7,6.5R,1.2
GW,"January 29, 2026",5.6,-0.3,-5.9,69.2,-2.6,81.0,8148,96.7,5.6L,1.17
GW,"January 29, 2026",5.2,-1.7,-6.9,69.1,-1.6,76.0,7775,88.7,10.8L,1.1
GW,"January 29, 2026",5.4,-1.9,-7.3,69.2,-2.6,80.0,8229,95.1,14.0L,1.16
GW,"January 29, 2026",5.2,0.1,-5.1,68.7,-2.2,77.7,8671,91.3,1.5L,1.13
GW,"January 29, 2026",8.0,-1.2,-9.2,69.4,-1.4,77.1,7596,91.0,10.8L,1.11
GW,"January 29, 2026",4.6,1.4,-3.2,69.4,-2.2,77.4,8431,90.9,5.4R,1.12
GW,"January 29, 2026",6.4,2.3,-4.1,69.0,-2.0,77.9,8957,91.1,9.4R,1.13
GW,"January 29, 2026",6.6,0.3,-6.3,68.8,-1.4,77.0,8083,90.2,1.5L,1.12
GW,"January 30, 2026",6.6,0.6,-6.0,68.7,-2.2,78.6,8409,92.7,0.2L,1.14
GW,"January 30, 2026",4.4,-1.6,-6.0,69.6,-2.8,75.7,8544,88.1,9.3L,1.09
GW,"January 30, 2026",7.4,1.9,-5.5,68.7,-2.6,76.5,8987,88.9,7.6R,1.11
GW,"January 30, 2026",7.0,2.8,-4.2,68.9,-1.2,75.8,8181,87.8,11.6R,1.1
GW,"January 30, 2026",6.0,3.0,-3.0,68.9,-1.6,76.4,8525,88.9,13.0R,1.11
GW,"January 30, 2026",7.2,-2.1,-9.3,68.9,-2.4,78.1,8189,92.0,14.9L,1.13
GW,"February 1, 2026",6.2,1.3,-4.9,67.1,-4.4,74.1,9247,85.1,5.7R,1.11
GW,"February 1, 2026",6.6,0.5,-6.1,68.2,-1.8,75.1,8108,87.2,0.6R,1.1
GW,"February 6, 2026",6.0,-4.8,-10.8,66.9,-3.6,80.5,7919,96.5,32.5L,1.2
GW,"February 6, 2026",2.2,-0.1,-2.3,68.1,-4.2,74.0,8832,85.0,0.9L,1.09
GW,"February 6, 2026",3.8,-0.2,-4.0,64.1,-3.4,77.3,8237,91.0,2.8L,1.21
GW,"February 6, 2026",6.8,0.5,-6.3,66.9,-3.6,75.1,8616,87.0,0.7R,1.12
GW,"February 6, 2026",6.8,1.0,-5.8,66.8,-3.8,78.7,8187,93.3,1.9R,1.18
GW,"February 6, 2026",1.2,1.1,-0.1,67.0,-3.4,74.7,8846,86.2,4.9R,1.11
GW,"February 6, 2026",4.0,-3.0,-7.0,68.1,-3.2,79.0,7928,93.9,18.9L,1.16
GW,"February 6, 2026",4.0,-2.7,-6.7,65.5,-6.2,77.0,8035,90.7,15.5L,1.18
GW,"February 6, 2026",4.4,-1.5,-5.9,65.6,-4.4,77.2,8377,90.6,9.2L,1.18
GW,"February 6, 2026",3.0,-3.9,-6.9,66.8,-4.6,74.7,8548,86.3,18.9L,1.12
GW,"February 6, 2026",5.0,-0.6,-5.6,67.2,-1.2,74.5,7859,86.3,4.6L,1.11
GW,"February 6, 2026",1.6,-2.7,-4.3,67.4,-4.6,76.9,8755,89.9,14.2L,1.14
GW,"February 6, 2026",5.6,2.8,-2.8,67.4,-1.2,76.6,8348,89.2,12.2R,1.14
GW,"February 6, 2026",5.0,-0.2,-5.2,68.3,-3.2,77.1,8863,90.2,2.6L,1.13
GW,"February 6, 2026",5.8,-1.3,-7.1,66.9,-4.2,75.8,8078,88.7,8.7L,1.13
GW,"February 6, 2026",3.2,0.8,-2.4,68.1,-3.2,76.2,8613,88.7,2.9R,1.12
GW,"February 6, 2026",5.2,-2.6,-7.8,67.6,-3.0,78.1,8295,92.2,16.6L,1.16
GW,"February 11, 2026",4.4,-1.2,-5.6,68.5,1.0,74.8,7497,87.5,7.8L,1.09
GW,"February 11, 2026",6.6,-1.7,-8.3,68.7,-1.2,77.1,7991,90.6,11.8L,1.12
GW,"February 11, 2026",4.4,-2.0,-6.4,68.2,-1.8,77.1,8292,90.3,11.9L,1.13
GW,"February 11, 2026",7.0,-1.0,-8.0,68.7,-1.0,78.6,8193,92.9,9.1L,1.14
GW,"February 11, 2026",6.2,0.1,-6.1,69.5,-2.4,78.5,8945,92.2,2.1L,1.13
GW,"February 11, 2026",7.0,-1.0,-8.0,68.5,-1.4,76.5,7891,89.8,8.3L,1.12
GW,"February 11, 2026",5.6,0.3,-5.3,69.3,-2.4,77.4,8548,90.3,0.2L,1.12
GW,"March 13, 2026",4.2,0.7,-3.5,68.4,-3.0,75.6,8879,87.7,2.5R,1.11
GW,"March 13, 2026",6.4,-3.1,-9.5,68.3,-3.2,79.4,8389,94.2,21.0L,1.16
GW,"March 13, 2026",5.4,0.1,-5.3,68.3,-3.0,77.8,8611,91.5,1.5L,1.14
GW,"March 13, 2026",5.0,-1.3,-6.3,67.2,-4.0,75.0,8699,86.8,7.3L,1.12
GW,"March 13, 2026",5.8,1.4,-4.4,66.3,-3.2,76.2,8918,88.6,5.4R,1.15
GW,"March 13, 2026",3.8,-2.6,-6.4,66.2,-3.6,77.9,8596,91.7,15.3L,1.18
GW,"March 13, 2026",5.6,0.2,-5.4,64.2,-4.2,75.5,8828,87.6,0.2L,1.18
GW,"March 13, 2026",4.2,-0.9,-5.1,66.4,-3.6,75.8,8534,88.3,5.7L,1.14
GW,"March 13, 2026",6.2,-1.2,-7.4,68.5,-2.2,76.8,8267,90.1,8.7L,1.12
GW,"March 13, 2026",5.8,0.3,-5.5,67.4,-4.0,74.8,8992,86.2,0.7R,1.11
GW,"March 13, 2026",5.6,0.1,-5.5,68.6,-1.6,77.5,8652,90.9,1.8L,1.13
GW,"March 13, 2026",4.8,-2.9,-7.7,67.7,-2.6,74.4,8503,85.9,14.7L,1.1
GW,"March 18, 2026",3.4,-0.8,-4.2,67.9,-4.0,77.6,8237,91.3,5.5L,1.14
GW,"March 18, 2026",2.0,0.2,-1.8,67.1,-4.8,75.6,8791,87.8,0.4R,1.13
GW,"March 18, 2026",2.6,-3.8,-6.4,68.0,-4.4,78.7,8191,93.2,22.0L,1.16
GW,"March 18, 2026",4.4,0.5,-3.9,67.5,-3.8,77.9,8523,91.8,0.8R,1.15
GW,"March 18, 2026",3.0,-0.4,-3.4,68.2,-4.4,77.3,8515,90.8,3.1L,1.13
GW,"March 18, 2026",2.6,-1.8,-4.4,68.0,-5.0,77.8,8298,91.9,10.8L,1.14
GW,"March 27, 2026",3.8,1.0,-2.8,68.1,-2.4,78.4,8647,91.9,3.9R,1.15
GW,"March 27, 2026",5.2,1.8,-3.4,69.8,-2.4,81.4,8557,96.8,6.8R,1.17
GW,"March 27, 2026",3.8,0.1,-3.7,69.3,-2.8,80.6,8646,95.7,1.5L,1.16
GW,"March 27, 2026",3.0,2.6,-0.4,66.7,-2.8,75.8,9053,88.0,11.8R,1.14
GW,"March 27, 2026",4.6,0.4,-4.2,68.9,-4.2,78.6,9045,92.6,0.5R,1.14
GW,"March 27, 2026",2.4,2.6,0.2,70.3,-2.4,81.0,8727,96.0,13.0R,1.15
GW,"March 27, 2026",1.4,2.7,1.3,69.6,-3.2,78.6,9286,91.9,13.2R,1.13
GW,"March 27, 2026",2.8,1.2,-1.6,69.2,-3.6,75.4,9403,87.1,5.5R,1.09
GW,"March 27, 2026",4.8,0.2,-4.6,69.5,-3.0,80.1,9094,95.0,1.4L,1.15
GW,"March 27, 2026",5.0,1.1,-3.9,67.7,-2.6,82.3,8556,98.4,2.8R,1.22
GW,"March 27, 2026",6.8,2.1,-4.7,68.9,-2.8,80.3,8737,95.2,8.0R,1.16
GW,"March 27, 2026",3.4,2.1,-1.3,68.9,-2.2,78.5,8851,91.8,9.8R,1.14
GW,"March 27, 2026",4.0,0.4,-3.6,69.1,-3.2,77.0,8179,90.6,0.4R,1.11
GW,"April 5, 2026",1.8,-0.9,-2.7,66.8,-3.8,77.7,8811,91.2,5.3L,1.16
GW,"April 5, 2026",2.8,-0.9,-3.7,66.7,-2.6,75.6,8127,88.2,5.4L,1.13
GW,"April 14, 2026",0.2,3.0,2.8,65.3,-3.4,76.3,8588,89.1,14.9R,1.17
GW,"April 14, 2026",2.0,0.0,-2.0,68.2,-1.6,78.6,7553,92.9,1.2L,1.15
GW,"April 14, 2026",5.6,0.4,-5.2,64.6,-3.4,78.3,7908,92.8,0.8L,1.21
GW,"April 14, 2026",1.0,3.4,2.4,67.3,-2.4,77.0,8309,90.2,17.2R,1.14
GW,"April 14, 2026",3.4,3.3,-0.1,62.8,-3.6,78.8,7899,93.4,16.1R,1.25
GW,"April 14, 2026",3.0,-1.7,-4.7,67.3,-2.8,79.8,7658,95.6,12.0L,1.19
GW,"June 13, 2026",4.2,-2.5,-6.7,67.9,-3.0,78.5,7453,93.8,16.9L,1.16
GW,"June 13, 2026",4.2,-2.3,-6.5,67.3,-1.8,77.8,7481,92.4,15.0L,1.16
GW,"June 13, 2026",3.2,-1.1,-4.3,66.8,1.4,74.5,7277,86.7,7.0L,1.12
GW,"June 13, 2026",3.4,-1.4,-4.8,66.2,-1.2,78.2,7553,92.7,9.7L,1.18
GW,"June 13, 2026",1.6,-4.1,-5.7,67.8,-1.0,78.1,8365,91.8,22.5L,1.15
GW,"June 13, 2026",3.4,-4.2,-7.6,66.9,-3.0,76.8,7792,90.5,23.3L,1.15
GW,"June 13, 2026",2.8,-3.7,-6.5,67.8,-2.6,76.8,7861,90.5,20.4L,1.13
GW,"June 13, 2026",4.6,0.0,-4.6,66.9,-3.8,76.3,7861,89.7,2.3L,1.14
GW,"June 13, 2026",2.4,-3.9,-6.3,67.3,-2.0,77.3,7648,91.2,22.1L,1.15
GW,"June 13, 2026",2.2,-1.9,-4.1,67.8,-2.8,76.2,8471,88.8,10.0L,1.12
GW,"June 13, 2026",3.8,-5.8,-9.6,67.3,-1.8,76.1,7164,89.7,32.2L,1.13
GW,"June 13, 2026",2.8,-1.0,-3.8,67.3,-3.0,77.4,7905,91.1,6.4L,1.15
LW_0-40,"August 21, 2025",2.4,0.0,-2.4,49.6,-4.4,44.3,7374,37.4,1.5R,0.89
LW_0-40,"August 21, 2025",2.2,-0.9,-3.1,48.4,-4.6,41.5,5596,33.9,0.3L,0.86
LW_0-40,"August 21, 2025",1.2,-0.1,-1.3,49.1,-4.0,43.5,7105,36.3,0.5R,0.89
LW_0-40,"August 21, 2025",4.6,-3.3,-7.9,45.7,-1.6,44.8,6887,38.3,2.1L,0.98
LW_0-40,"August 21, 2025",3.2,-0.5,-3.7,47.0,-3.4,44.5,6688,37.8,1.0R,0.95
LW_0-40,"August 21, 2025",4.2,-2.3,-6.5,49.5,-4.8,44.8,7311,37.9,0.8L,0.91
LW_0-40,"August 21, 2025",3.8,0.9,-2.9,49.6,-2.6,43.7,7717,36.6,3.6R,0.88
LW_0-40,"August 21, 2025",2.2,0.8,-1.4,49.0,-2.6,45.6,6259,39.8,2.4R,0.93
LW_0-40,"August 21, 2025",2.0,-0.4,-2.4,47.2,-4.2,42.1,7033,33.9,0.7R,0.89
LW_0-40,"August 21, 2025",2.8,0.1,-2.7,47.6,-4.4,43.1,6718,35.6,1.7R,0.9
LW_0-40,"August 21, 2025",1.2,0.3,-0.9,49.0,-5.0,44.3,5706,37.9,1.0R,0.9
LW_0-40,"August 21, 2025",2.8,-0.6,-3.4,46.3,-3.2,43.6,5292,37.0,0.2R,0.94
LW_0-40,"August 25, 2025",4.6,-0.1,-4.7,50.7,-4.0,44.1,5282,37.8,1.7R,0.87
LW_0-40,"August 25, 2025",6.4,-3.6,-10.0,41.4,-3.8,41.9,6593,32.8,1.1L,1.01
LW_0-40,"August 25, 2025",3.4,0.2,-3.2,42.1,-5.2,40.5,6669,30.4,2.0R,0.96
LW_0-40,"August 25, 2025",5.8,-0.9,-6.7,41.8,0.0,43.6,5925,36.5,1.5R,1.04
LW_0-40,"August 25, 2025",5.0,-1.2,-6.2,39.0,0.4,40.9,4997,32.8,0.4R,1.05
LW_0-40,"August 25, 2025",1.8,-1.0,-2.8,41.6,-3.0,41.5,6635,32.8,0.1L,1.0
LW_0-40,"August 25, 2025",5.6,-1.6,-7.2,41.2,-2.4,40.3,6262,31.4,1.0R,0.98
LW_0-40,"August 25, 2025",4.4,-0.8,-5.2,50.2,-4.0,45.1,8134,37.9,1.8R,0.9
LW_0-40,"August 25, 2025",0.4,-2.3,-2.7,43.7,-6.6,44.3,6886,33.6,2.7L,1.01
LW_0-40,"August 25, 2025",5.8,-0.6,-6.4,50.7,-4.2,44.9,6024,38.8,1.6R,0.89
LW_0-40,"August 25, 2025",3.2,2.5,-0.7,41.5,-4.4,40.0,6839,30.5,4.4R,0.97
LW_0-40,"August 25, 2025",3.0,0.1,-2.9,52.7,-4.6,45.7,7992,39.0,2.1R,0.87
LW_0-40,"August 25, 2025",4.2,-2.8,-7.0,41.0,-4.6,39.6,6758,29.5,0.7L,0.97
LW_0-40,"August 25, 2025",2.0,-1.9,-3.9,40.1,-3.0,39.3,6338,30.0,1.0L,0.98
LW_0-40,"August 25, 2025",2.8,0.5,-2.3,49.0,-3.2,44.3,4441,38.0,1.8R,0.9
LW_0-40,"August 25, 2025",4.7,-3.3,-8.0,42.3,-0.9,39.5,4071,31.2,2.9L,0.93
LW_0-40,"August 25, 2025",3.8,-0.5,-4.3,40.2,-6.6,42.8,6061,30.6,1.0R,1.06
LW_0-40,"August 25, 2025",3.7,-1.9,-5.6,43.7,-1.5,42.9,6596,35.1,0.5L,0.98
LW_0-40,"August 25, 2025",4.2,-0.4,-4.6,49.5,-5.0,45.4,7639,38.0,2.0R,0.92
LW_0-40,"August 25, 2025",1.6,0.5,-1.1,43.2,-3.6,40.7,4818,32.8,1.3R,0.94
LW_0-40,"August 25, 2025",3.8,-0.6,-4.4,39.2,-6.6,42.2,5924,29.6,0.9R,1.08
LW_0-40,"August 25, 2025",3.0,-2.0,-5.0,41.2,-5.2,39.4,6601,28.5,0.5L,0.95
LW_0-40,"August 25, 2025",5.8,0.3,-5.5,39.7,-3.2,38.4,6508,28.5,3.3R,0.97
LW_0-40,"August 25, 2025",2.8,1.3,-1.5,42.4,-2.8,43.0,6906,35.4,3.2R,1.01
LW_0-40,"August 25, 2025",2.4,-0.9,-3.3,45.1,-2.4,41.9,7186,33.6,0.4R,0.93
LW_0-40,"August 25, 2025",8.1,-4.3,-12.4,38.0,-2.9,39.5,5971,28.7,0.8L,1.04
LW_0-40,"August 25, 2025",3.8,-0.7,-4.5,45.3,-5.0,44.0,7054,35.4,1.2R,0.97
LW_0-40,"August 25, 2025",3.2,-0.8,-4.0,44.6,-4.6,40.7,7084,31.0,0.9R,0.91
LW_0-40,"August 25, 2025",3.8,-1.8,-5.6,39.9,-4.6,38.8,6571,28.4,0.1R,0.97
LW_0-40,"August 25, 2025",3.8,-1.3,-5.1,45.5,-1.8,44.1,6823,36.9,0.3R,0.97
LW_0-40,"August 25, 2025",5.1,1.3,-3.8,42.2,-4.7,39.2,6925,28.7,4.0R,0.93
LW_0-40,"August 25, 2025",5.2,0.1,-5.1,52.1,-3.4,45.0,5025,39.0,2.0R,0.86
LW_0-40,"August 25, 2025",4.6,-1.1,-5.7,50.1,-2.0,44.9,5597,39.0,0.2R,0.9
LW_0-40,"August 25, 2025",3.2,-1.2,-4.4,41.7,-1.6,40.6,6248,32.1,0.3R,0.97
LW_0-40,"August 25, 2025",3.2,-3.4,-6.6,41.1,-6.0,38.2,6702,26.6,1.6L,0.93
LW_0-40,"March 13, 2026",1.4,0.5,-0.9,50.7,-2.2,46.3,8012,39.5,1.7R,0.91
LW_0-40,"June 13, 2026",3.4,-1.5,-4.9,36.0,-2.6,37.8,5137,28.6,0.2L,1.05
LW_0-40,"June 13, 2026",-2.0,1.3,3.3,36.2,-2.6,37.6,6019,27.8,0.3R,1.04
LW_0-40,"June 13, 2026",-4.2,2.8,7.0,35.8,-1.2,39.4,5985,30.2,0.9R,1.1
LW_0-40,"June 13, 2026",-0.4,-0.6,-0.2,37.8,-2.6,40.6,6129,31.7,1.0L,1.07
LW_0-40,"June 13, 2026",-0.6,-2.3,-1.7,32.9,-2.2,36.2,4318,26.6,2.6L,1.1
LW_0-40,"June 13, 2026",-2.4,-4.6,-2.2,33.5,-2.6,36.8,5614,26.7,5.6L,1.1
LW_0-40,"June 13, 2026",-1.0,-4.7,-3.7,35.9,-4.0,37.9,5659,27.7,5.3L,1.06
LW_0-40,"June 13, 2026",-2.6,-1.4,1.2,35.5,-3.0,35.0,6121,23.6,2.3L,0.99
LW_0-40,"June 13, 2026",3.2,-2.1,-5.3,43.2,-2.4,44.4,6523,37.6,1.3L,1.03
LW_0-40,"June 13, 2026",0.4,-0.9,-1.3,34.6,-2.2,37.1,4736,27.6,0.8L,1.07
LW_0-40,"June 13, 2026",-1.6,-2.1,-0.5,35.3,-4.6,36.1,5919,25.7,2.6L,1.02
LW_0-40,"June 13, 2026",-2.8,0.0,2.8,36.2,-1.4,37.9,5708,28.3,1.3L,1.05
LW_0-40,"June 13, 2026",-1.6,0.2,1.8,44.4,-3.4,41.1,7218,32.0,0.8L,0.92
LW_0-40,"June 13, 2026",-3.8,0.9,4.7,34.4,-2.8,36.5,5939,26.4,1.0L,1.06
LW_40-50,"August 21, 2025",4.0,-0.6,-4.6,56.2,-3.2,50.8,5169,47.9,0.2L,0.9
LW_40-50,"August 21, 2025",4.4,-1.8,-6.2,57.1,-5.0,51.1,8297,47.6,0.6L,0.89
LW_40-50,"August 21, 2025",3.0,0.4,-2.6,50.7,-3.6,46.3,5891,41.0,2.0R,0.91
LW_40-50,"August 21, 2025",4.2,-0.2,-4.4,58.0,-3.2,50.3,6671,47.0,1.5R,0.87
LW_40-50,"August 21, 2025",1.6,-0.3,-1.9,56.4,-3.6,48.0,8001,42.8,0.5R,0.85
LW_40-50,"August 21, 2025",4.4,-2.9,-7.3,57.8,-5.0,50.4,8632,45.9,2.1L,0.87
LW_40-50,"August 21, 2025",3.2,-1.2,-4.4,57.3,-3.2,51.0,6319,48.1,1.2L,0.89
LW_40-50,"August 21, 2025",2.4,-1.3,-3.7,57.7,-5.8,52.3,8371,48.8,1.2L,0.91
LW_40-50,"August 21, 2025",2.2,-0.8,-3.0,49.6,-3.6,46.2,7302,40.4,0.1R,0.93
LW_40-50,"August 21, 2025",2.4,0.2,-2.2,49.3,-2.0,46.7,7883,41.2,1.8R,0.95
LW_40-50,"August 21, 2025",2.6,0.5,-2.1,51.5,-3.8,48.3,8322,43.2,2.6R,0.94
LW_40-50,"August 21, 2025",3.6,-1.3,-4.9,58.5,-4.4,52.0,8111,49.4,0.5L,0.89
LW_40-50,"August 21, 2025",4.4,-1.0,-5.4,50.0,-4.2,46.6,7183,40.8,0.8R,0.93
LW_40-50,"August 21, 2025",6.2,-4.6,-10.8,58.9,-3.8,51.2,8649,47.5,4.2L,0.87
LW_40-50,"August 25, 2025",6.4,-2.4,-8.8,51.2,-4.0,49.4,8274,44.9,0.1R,0.96
LW_40-50,"August 25, 2025",3.8,0.4,-3.4,57.3,-2.6,50.5,5629,47.2,2.3R,0.88
LW_40-50,"August 25, 2025",4.8,-0.5,-5.3,58.1,-2.8,51.3,6252,48.3,1.1R,0.88
LW_40-50,"August 25, 2025",5.4,0.9,-4.5,51.9,-2.0,47.4,7692,42.3,5.0R,0.91
LW_40-50,"August 25, 2025",5.0,-1.3,-6.3,55.1,-4.0,48.1,5352,43.9,0.9L,0.87
LW_40-50,"August 25, 2025",4.6,1.0,-3.6,58.8,-3.2,48.6,4501,44.2,3.3R,0.83
LW_40-50,"August 25, 2025",4.0,-0.2,-4.2,56.3,-3.6,50.1,3299,46.7,0.0R,0.89
LW_40-50,"August 25, 2025",4.0,1.0,-3.0,55.8,-3.4,48.7,3371,44.4,2.8R,0.87
LW_40-50,"August 25, 2025",3.8,-0.3,-4.1,52.4,-0.8,46.9,7631,41.4,2.0R,0.9
LW_40-50,"August 25, 2025",4.6,-2.7,-7.3,51.4,-2.4,48.6,7971,43.9,1.4L,0.95
LW_40-50,"August 29, 2025",6.2,0.7,-5.5,55.9,-3.0,50.8,2677,48.0,1.9R,0.91
LW_40-50,"August 29, 2025",7.6,0.6,-7.0,57.6,-3.0,52.2,4637,49.9,3.1R,0.91
LW_40-50,"August 29, 2025",8.2,2.9,-5.3,61.4,-2.4,52.9,3232,49.8,7.7R,0.86
LW_40-50,"August 29, 2025",5.2,-0.4,-5.6,55.9,-0.8,50.7,3818,48.3,0.3L,0.91
LW_40-50,"August 29, 2025",7.6,1.0,-6.6,61.9,-5.0,50.0,3611,46.6,3.3R,0.81
LW_40-50,"August 29, 2025",6.8,1.5,-5.3,55.2,-2.8,52.0,3826,49.8,4.5R,0.94
LW_40-50,"September 6, 2025",2.4,-2.4,-4.8,56.2,-2.0,52.3,8136,49.8,3.2L,0.93
LW_40-50,"September 10, 2025",3.0,0.2,-2.8,56.2,-1.8,51.0,8539,47.7,2.4R,0.91
LW_40-50,"September 10, 2025",-0.4,2.3,2.7,56.4,2.2,49.2,7799,45.0,3.6R,0.87
LW_40-50,"September 10, 2025",5.0,-2.2,-7.2,52.6,0.2,49.6,7461,45.8,0.9L,0.94
LW_40-50,"September 10, 2025",1.6,-0.4,-2.0,57.5,-0.4,50.1,7883,46.5,0.3R,0.87
LW_40-50,"September 10, 2025",1.0,1.7,0.7,56.9,-2.4,52.0,8996,49.3,3.8R,0.91
LW_40-50,"October 2, 2025",4.2,-2.3,-6.5,58.1,-4.6,52.1,7881,49.3,2.2L,0.9
LW_40-50,"October 2, 2025",4.2,-1.2,-5.4,55.2,-0.6,50.0,6466,46.1,0.2L,0.91
LW_40-50,"October 2, 2025",2.4,1.4,-1.0,57.6,2.2,48.3,7311,43.7,3.8R,0.84
LW_40-50,"October 2, 2025",4.4,-1.5,-5.9,55.9,-3.0,50.9,7619,47.8,0.4L,0.91
LW_40-50,"October 2, 2025",3.8,0.4,-3.4,53.8,0.2,46.1,4599,40.9,2.0R,0.86
LW_40-50,"October 2, 2025",1.8,-1.2,-3.0,55.8,-2.2,47.4,6095,42.3,1.2L,0.85
LW_40-50,"October 2, 2025",1.4,-0.4,-1.8,57.1,-1.6,49.3,7773,45.2,0.2R,0.86
LW_40-50,"October 2, 2025",4.6,1.1,-3.5,55.3,-1.8,47.9,4893,43.0,3.6R,0.87
LW_40-50,"October 2, 2025",4.8,-2.9,-7.7,54.4,-2.4,50.2,5527,46.7,4.4L,0.92
LW_40-50,"October 2, 2025",1.0,-1.6,-2.6,57.2,-1.0,51.8,8384,48.4,2.3L,0.91
LW_40-50,"October 2, 2025",5.0,2.9,-2.1,56.9,-2.4,50.2,6611,46.8,8.2R,0.88
LW_40-50,"October 2, 2025",3.8,-1.6,-5.4,54.0,-3.6,49.4,6339,45.2,1.4L,0.91
LW_40-50,"October 2, 2025",4.2,-0.9,-5.1,57.0,-1.6,51.1,5473,48.0,0.5L,0.9
LW_40-50,"October 2, 2025",3.2,-2.6,-5.8,57.0,-1.0,50.7,5947,47.2,4.0L,0.89
LW_40-50,"October 2, 2025",1.4,-0.8,-2.2,56.0,0.0,47.2,6044,42.1,0.7L,0.84
LW_40-50,"October 17, 2025",2.9,-0.1,-3.0,60.8,-2.7,50.3,3865,46.2,0.1R,0.83
LW_40-50,"October 17, 2025",8.6,-0.5,-9.1,56.9,-2.4,52.3,7822,49.9,4.1R,0.92
LW_40-50,"October 17, 2025",3.8,-2.5,-6.3,60.1,-2.4,50.8,5659,48.0,4.0L,0.85
LW_40-50,"October 17, 2025",3.0,-1.7,-4.7,57.3,-5.6,47.9,5421,43.6,2.2L,0.84
LW_40-50,"October 17, 2025",6.4,-1.6,-8.0,59.3,-4.6,50.2,6409,46.9,0.5L,0.85
LW_40-50,"October 17, 2025",5.4,-0.6,-6.0,58.4,-3.8,51.3,4236,48.8,0.4L,0.88
LW_40-50,"October 17, 2025",6.4,-3.0,-9.4,56.7,-5.6,49.9,8208,45.4,1.3L,0.88
LW_40-50,"October 17, 2025",5.6,0.1,-5.5,56.4,-3.2,49.0,5573,45.2,2.2R,0.87
LW_40-50,"October 17, 2025",4.2,-0.8,-5.0,55.7,-2.2,49.1,3987,44.6,1.0L,0.88
LW_40-50,"March 13, 2026",3.0,2.5,-0.5,54.0,-2.4,49.5,7641,45.6,6.3R,0.92
LW_40-50,"March 13, 2026",1.2,1.0,-0.2,51.4,-1.8,48.5,8087,43.5,2.5R,0.94
LW_40-50,"April 14, 2026",-3.0,-1.0,2.0,61.0,-3.8,52.1,5048,49.2,3.2L,0.85
LW_40-50,"April 14, 2026",0.0,-1.0,-1.0,60.9,-2.0,52.3,6979,49.8,2.2L,0.86
LW_40-50,"April 14, 2026",-1.0,2.8,3.8,61.0,-2.8,50.9,6327,47.2,5.2R,0.83
LW_40-50,"June 13, 2026",0.0,0.2,0.2,50.7,-1.4,51.0,7882,47.7,0.4R,1.0
LW_40-50,"June 13, 2026",-1.0,-1.4,-0.4,47.9,-2.4,47.6,7782,42.2,2.9L,0.99
LW_40-50,"June 13, 2026",0.0,-7.3,-7.3,44.5,-3.6,46.3,6158,40.3,12.1L,1.04
LW_40-50,"June 13, 2026",-1.4,-3.1,-1.7,44.3,-1.6,48.9,6665,44.4,6.5L,1.1
LW_50-60,"August 21, 2025",4.8,-0.5,-5.3,63.9,-2.4,58.7,6409,59.1,0.0L,0.92
LW_50-60,"August 21, 2025",5.2,-1.3,-6.5,58.6,-3.4,54.0,8902,52.4,0.8R,0.92
LW_50-60,"August 21, 2025",3.8,-1.6,-5.4,57.7,-1.2,54.0,8899,52.4,0.5L,0.94
LW_50-60,"August 21, 2025",6.0,-1.0,-7.0,62.9,-4.4,57.7,6383,58.6,1.2L,0.92
LW_50-60,"August 21, 2025",5.0,2.5,-2.5,57.3,-3.2,52.6,6356,50.3,7.6R,0.92
LW_50-60,"August 21, 2025",5.0,-1.2,-6.2,62.0,-4.8,55.9,5011,55.7,2.6L,0.9
LW_50-60,"August 21, 2025",4.4,-1.5,-5.9,58.5,-4.4,52.3,7379,50.0,0.8L,0.89
LW_50-60,"August 21, 2025",3.6,-1.1,-4.7,64.6,-3.8,56.5,5011,55.6,2.5L,0.88
LW_50-60,"August 21, 2025",3.6,-2.1,-5.7,59.1,-4.2,52.9,7915,50.7,2.3L,0.9
LW_50-60,"August 25, 2025",5.5,-0.6,-6.1,63.0,-3.9,56.7,3727,57.3,1.9L,0.9
LW_50-60,"August 25, 2025",3.6,0.7,-2.9,57.4,-3.0,52.4,6575,50.1,3.0R,0.91
LW_50-60,"August 25, 2025",4.6,1.0,-3.6,58.9,-3.8,53.5,7657,51.8,4.7R,0.91
LW_50-60,"August 25, 2025",4.0,0.0,-4.0,58.6,-3.4,52.6,6101,50.1,1.6R,0.9
LW_50-60,"August 25, 2025",5.3,-1.0,-6.3,62.9,-4.7,55.0,4125,55.2,2.6L,0.87
LW_50-60,"August 25, 2025",5.2,-0.4,-5.6,62.4,-3.4,55.9,3875,55.7,1.1L,0.9
LW_50-60,"August 25, 2025",5.4,-2.5,-7.9,57.9,-1.8,56.5,9089,56.4,2.1L,0.98
LW_50-60,"August 25, 2025",6.4,-1.8,-8.2,59.1,-3.8,55.0,5491,54.2,3.1L,0.93
LW_50-60,"August 25, 2025",4.8,-1.5,-6.3,58.9,-3.6,55.5,7289,54.9,1.5L,0.94
LW_50-60,"August 25, 2025",7.6,-2.8,-10.4,57.1,-3.8,53.8,4933,52.9,5.8L,0.94
LW_50-60,"August 25, 2025",6.2,-1.3,-7.5,61.3,-5.6,53.9,4454,53.1,2.6L,0.88
LW_50-60,"August 25, 2025",5.3,-0.6,-5.9,61.8,-3.9,56.3,5585,56.4,0.5L,0.91
LW_50-60,"August 25, 2025",6.4,-1.6,-8.0,63.0,-5.0,56.1,4221,56.7,4.5L,0.89
LW_50-60,"August 25, 2025",6.4,-2.0,-8.4,62.5,-2.2,58.4,4475,59.9,6.1L,0.93
LW_50-60,"August 29, 2025",6.0,1.4,-4.6,61.7,-1.8,55.5,4713,54.6,4.7R,0.9
LW_50-60,"August 29, 2025",6.8,0.1,-6.7,62.5,-3.6,57.3,2867,58.4,0.4L,0.92
LW_50-60,"August 29, 2025",4.5,1.0,-3.5,62.6,-3.9,54.6,5152,52.9,3.6R,0.87
LW_50-60,"August 29, 2025",5.7,0.2,-5.5,62.9,-2.9,57.0,9265,57.0,4.2R,0.9
LW_50-60,"August 29, 2025",8.1,-1.2,-9.3,58.0,-2.1,54.1,4821,53.4,1.7L,0.93
LW_50-60,"August 29, 2025",4.4,0.4,-4.0,63.3,-2.2,55.0,3531,53.0,1.1R,0.87
LW_50-60,"August 29, 2025",8.6,-0.5,-9.1,60.7,1.6,58.1,8985,58.9,4.4R,0.96
LW_50-60,"August 29, 2025",8.3,-1.3,-9.6,64.5,-1.7,57.0,6884,56.8,0.3L,0.88
LW_50-60,"August 29, 2025",9.2,-0.4,-9.6,63.2,-1.2,57.2,7608,57.0,3.3R,0.91
LW_50-60,"August 29, 2025",5.3,0.6,-4.7,63.9,-4.7,57.0,3157,57.7,1.4R,0.89
LW_50-60,"August 29, 2025",6.1,1.8,-4.3,62.4,-2.5,56.1,8808,55.8,8.1R,0.9
LW_50-60,"August 29, 2025",7.4,-1.5,-8.9,55.4,-3.8,51.7,2775,50.7,3.9L,0.93
LW_50-60,"August 29, 2025",5.8,1.0,-4.8,56.6,-3.6,53.4,3451,52.3,2.8R,0.94
LW_50-60,"August 29, 2025",7.9,1.2,-6.7,62.1,-2.9,57.8,8651,58.5,7.6R,0.93
LW_50-60,"August 29, 2025",8.8,0.7,-8.1,61.7,-1.4,56.8,4429,56.6,2.8R,0.92
LW_50-60,"August 29, 2025",6.7,0.5,-6.2,61.5,-4.1,57.9,4969,59.3,2.0R,0.94
LW_50-60,"August 29, 2025",9.2,-1.2,-10.4,56.6,-1.2,55.7,6128,55.4,0.4L,0.98
LW_50-60,"September 6, 2025",2.6,-2.6,-5.2,59.6,-0.8,58.0,8155,58.9,5.2L,0.97
LW_50-60,"September 6, 2025",5.2,-2.2,-7.4,61.8,-1.0,58.3,8456,59.4,2.7L,0.94
LW_50-60,"September 6, 2025",3.8,0.6,-3.2,56.8,1.0,54.9,8363,54.0,3.7R,0.97
LW_50-60,"September 6, 2025",2.8,-3.3,-6.1,58.1,0.0,57.0,8662,57.2,6.0L,0.98
LW_50-60,"September 6, 2025",1.0,-1.3,-2.3,61.0,-4.0,55.1,6325,54.3,2.9L,0.9
LW_50-60,"September 6, 2025",4.4,0.6,-3.8,63.0,-3.6,55.1,4075,53.4,1.9R,0.87
LW_50-60,"September 6, 2025",4.0,-0.7,-4.7,61.2,-3.8,55.9,6348,55.7,0.4L,0.91
LW_50-60,"September 6, 2025",2.6,-3.1,-5.7,60.9,-1.6,57.2,4631,57.9,9.0L,0.94
LW_50-60,"September 6, 2025",4.8,-0.9,-5.7,61.7,-3.8,56.4,7309,56.7,0.2L,0.91
LW_50-60,"September 6, 2025",5.2,1.6,-3.6,60.4,-3.6,54.7,4652,53.5,5.0R,0.91
LW_50-60,"September 6, 2025",-1.2,0.5,1.7,61.2,-0.8,53.0,7119,51.1,0.3R,0.87
LW_50-60,"September 10, 2025",4.0,-3.8,-7.8,56.6,1.6,52.6,6883,50.2,6.0L,0.93
LW_50-60,"September 10, 2025",2.0,0.5,-1.5,58.1,0.2,56.3,8681,56.1,2.5R,0.97
LW_50-60,"September 10, 2025",1.2,-0.9,-2.1,56.9,0.6,53.4,8625,51.5,0.9L,0.94
LW_50-60,"September 10, 2025",1.8,-1.5,-3.3,56.7,-1.6,53.9,8764,52.3,1.9L,0.95
LW_50-60,"September 10, 2025",3.0,-1.8,-4.8,57.0,-2.4,52.7,8665,50.4,1.5L,0.92
LW_50-60,"September 10, 2025",2.6,-4.5,-7.1,57.3,-0.8,53.3,8266,51.4,7.5L,0.93
LW_50-60,"September 10, 2025",2.6,0.4,-2.2,57.3,-1.2,55.3,8676,54.5,2.7R,0.97
LW_50-60,"September 10, 2025",6.2,-4.7,-10.9,55.3,1.0,55.0,6724,54.5,9.0L,0.99
LW_50-60,"September 10, 2025",0.6,-0.8,-1.4,58.5,1.0,54.2,8499,52.7,1.1L,0.93
LW_50-60,"September 10, 2025",0.4,-3.0,-3.4,57.1,-1.4,52.4,8197,50.0,5.6L,0.92
LW_50-60,"October 2, 2025",4.0,-2.5,-6.5,63.6,-2.4,55.5,4883,54.4,6.1L,0.87
LW_50-60,"October 2, 2025",4.6,-0.6,-5.2,57.5,-3.8,56.1,6904,55.0,0.1R,0.98
LW_50-60,"October 2, 2025",3.4,-2.9,-6.3,60.7,-3.8,53.3,5723,51.0,5.7L,0.88
LW_50-60,"October 2, 2025",3.4,-2.9,-6.3,58.4,-2.6,53.8,8246,51.7,4.0L,0.92
LW_50-60,"October 2, 2025",4.3,-2.0,-6.3,63.4,-3.9,56.7,6278,56.3,4.0L,0.9
LW_50-60,"October 2, 2025",3.2,-2.8,-6.0,58.7,-3.4,53.9,5805,52.0,5.8L,0.92
LW_50-60,"October 2, 2025",4.2,-4.0,-8.2,56.3,-2.8,52.4,7195,50.1,6.3L,0.93
LW_50-60,"October 2, 2025",4.0,-2.6,-6.6,53.4,-1.4,52.3,7521,50.0,3.1L,0.98
LW_50-60,"October 17, 2025",4.2,-4.0,-8.2,62.3,-2.8,57.9,6783,58.9,9.6L,0.93
LW_50-60,"October 17, 2025",6.0,-3.2,-9.2,60.7,-3.0,54.5,5771,53.5,6.2L,0.9
LW_50-60,"October 17, 2025",5.4,-3.9,-9.3,57.0,-3.2,55.0,7519,54.2,6.5L,0.96
LW_50-60,"October 17, 2025",5.0,-1.3,-6.3,57.6,-3.8,53.1,4397,51.6,2.6L,0.92
LW_50-60,"October 17, 2025",7.4,-1.6,-9.0,57.1,-3.0,53.2,4447,51.8,2.9L,0.93
LW_50-60,"October 17, 2025",5.0,-3.0,-8.0,63.2,-4.6,57.0,4078,58.5,9.1L,0.9
LW_50-60,"October 17, 2025",4.6,-5.9,-10.5,57.3,-2.6,53.8,8353,52.2,9.6L,0.94
LW_50-60,"October 17, 2025",3.8,-3.2,-7.0,60.2,-1.8,54.0,9231,52.3,3.5L,0.9
LW_50-60,"October 17, 2025",7.2,-2.8,-10.0,60.0,-2.6,57.0,8956,57.1,2.0L,0.95
LW_50-60,"October 17, 2025",6.0,-0.5,-6.5,59.2,-3.6,54.6,6264,53.9,0.7R,0.92
LW_50-60,"October 17, 2025",3.8,-5.4,-9.2,63.7,-4.0,57.6,3601,58.3,17.0L,0.9
LW_50-60,"October 17, 2025",6.4,-1.5,-7.9,57.4,-3.8,53.8,4819,52.6,2.6L,0.94
LW_50-60,"October 17, 2025",4.6,0.2,-4.4,60.6,-2.6,54.8,3788,53.6,0.8R,0.9
LW_50-60,"October 17, 2025",4.8,-4.8,-9.6,56.3,-1.6,53.1,8602,51.0,6.4L,0.94
LW_50-60,"October 17, 2025",4.0,-4.2,-8.2,59.0,-1.6,53.0,5144,50.8,9.0L,0.9
LW_50-60,"October 17, 2025",5.6,-1.6,-7.2,62.1,-4.4,56.3,3975,56.3,4.6L,0.91
LW_50-60,"October 17, 2025",5.4,-3.3,-8.7,63.8,-3.4,58.8,3989,59.9,10.6L,0.92
LW_50-60,"October 17, 2025",4.5,-0.3,-4.8,60.6,-3.7,55.0,6644,54.1,1.0R,0.91
LW_50-60,"October 17, 2025",6.6,-0.4,-7.0,61.6,-5.4,57.3,4008,58.1,1.4L,0.93
LW_50-60,"January 29, 2026",7.2,-3.3,-10.5,60.5,-0.6,55.8,8568,55.3,3.0L,0.92
LW_50-60,"January 29, 2026",3.2,4.3,1.1,60.8,2.0,53.4,7221,51.1,10.8R,0.88
LW_50-60,"January 29, 2026",4.4,2.8,-1.6,61.4,-0.8,56.8,6788,56.5,8.8R,0.92
LW_50-60,"January 29, 2026",6.4,-1.3,-7.7,59.1,-2.2,56.0,8711,55.6,1.2R,0.95
LW_50-60,"March 13, 2026",4.8,0.1,-4.7,57.4,-3.4,55.7,7101,55.4,2.2R,0.97
LW_50-60,"March 13, 2026",3.2,-0.3,-3.5,58.5,0.6,55.5,8844,54.8,1.5R,0.95
LW_50-60,"March 13, 2026",3.6,2.5,-1.1,61.0,0.4,58.2,9473,58.9,8.5R,0.95
LW_50-60,"March 13, 2026",2.8,2.5,-0.3,57.7,0.8,53.7,8936,51.7,7.0R,0.93
LW_50-60,"March 13, 2026",2.6,0.2,-2.4,57.4,0.0,54.0,4319,53.8,0.7R,0.94
LW_50-60,"March 13, 2026",5.8,-2.6,-8.4,56.7,-0.4,53.9,7478,52.5,2.8L,0.95
LW_50-60,"April 14, 2026",0.6,-1.9,-2.5,62.6,-1.6,55.9,6686,55.4,4.4L,0.89
LW_50-60,"April 14, 2026",-0.2,-3.8,-3.6,61.6,-2.0,56.6,5328,56.5,10.6L,0.92
LW_50-60,"April 14, 2026",-3.4,2.2,5.6,61.5,-0.8,54.6,4336,52.7,5.3R,0.89
LW_50-60,"April 14, 2026",-1.6,-2.6,-1.0,62.7,-3.8,57.5,3997,58.6,7.9L,0.92
LW_50-60,"April 14, 2026",1.4,0.3,-1.1,62.9,-3.4,58.0,6621,59.1,1.4R,0.92
LW_50-60,"April 14, 2026",0.6,1.5,0.9,63.4,-4.8,53.1,3993,50.7,3.9R,0.84
LW_50-60,"April 14, 2026",0.6,-1.2,-1.8,61.5,-2.4,55.2,5503,54.4,3.0L,0.9
LW_50-60,"June 13, 2026",3.2,-1.0,-4.2,63.8,-3.4,58.7,9714,59.7,0.4L,0.92
LW_60-70,"August 21, 2025",5.9,-2.5,-8.4,64.8,-3.7,60.7,7005,62.8,5.9L,0.94
LW_60-70,"August 21, 2025",5.8,-1.9,-7.7,67.5,-2.8,62.4,5823,64.3,6.0L,0.92
LW_60-70,"August 21, 2025",6.4,-2.9,-9.3,65.5,-2.2,61.9,9514,64.9,4.6L,0.95
LW_60-70,"August 21, 2025",5.8,-4.1,-9.9,67.7,-2.4,62.3,9747,65.3,8.0L,0.92
LW_60-70,"August 25, 2025",6.2,-3.8,-10.0,61.9,-4.0,60.7,7912,63.4,8.8L,0.98
LW_60-70,"August 25, 2025",5.8,-2.1,-7.9,66.3,-0.8,61.3,4273,63.0,7.8L,0.93
LW_60-70,"August 25, 2025",5.6,-0.3,-5.9,62.9,-2.6,60.9,9753,63.2,2.8R,0.97
LW_60-70,"August 25, 2025",6.2,-4.3,-10.5,66.3,-2.6,64.2,6821,68.0,13.9L,0.97
LW_60-70,"August 25, 2025",7.2,-3.8,-11.0,59.5,-3.6,60.2,8219,62.5,7.8L,1.01
LW_60-70,"August 25, 2025",7.2,-2.6,-9.8,67.0,-3.4,62.6,4304,65.7,10.3L,0.93
LW_60-70,"August 29, 2025",8.4,-0.4,-8.8,65.2,-1.4,60.0,3109,62.7,3.0L,0.92
LW_60-70,"August 29, 2025",6.8,-1.8,-8.6,62.4,-3.2,60.1,3771,63.0,7.1L,0.96
LW_60-70,"August 29, 2025",7.0,-2.4,-9.4,63.3,-1.6,60.8,9315,63.1,2.5L,0.96
LW_60-70,"August 29, 2025",8.0,-1.7,-9.7,62.3,-1.8,59.7,5356,61.4,4.6L,0.96
LW_60-70,"August 29, 2025",9.6,-0.6,-10.2,66.1,-2.6,64.3,4918,68.8,3.5L,0.97
LW_60-70,"August 29, 2025",8.6,-2.4,-11.0,66.9,-1.8,64.8,4794,69.2,10.7L,0.97
LW_60-70,"August 29, 2025",8.4,-1.1,-9.5,65.5,-0.8,63.3,9735,66.8,1.8R,0.97
LW_60-70,"August 29, 2025",7.4,0.1,-7.3,66.2,-1.4,61.4,6027,62.5,1.4R,0.93
LW_60-70,"August 29, 2025",7.9,-0.2,-8.1,62.9,-3.5,59.1,5238,60.6,0.0R,0.94
LW_60-70,"August 29, 2025",10.4,-0.4,-10.8,65.9,-2.4,63.9,5941,67.2,1.2L,0.97
LW_60-70,"August 29, 2025",7.4,-2.0,-9.4,67.3,-0.2,65.1,8828,69.8,3.6L,0.97
LW_60-70,"September 6, 2025",5.6,-3.9,-9.5,62.1,-3.8,60.6,7999,63.1,9.1L,0.98
LW_60-70,"September 6, 2025",0.6,-3.0,-3.6,61.5,-2.8,59.2,8346,60.6,7.7L,0.96
LW_60-70,"September 6, 2025",4.8,-3.5,-8.3,64.3,-1.0,61.3,7674,63.8,8.6L,0.95
LW_60-70,"September 6, 2025",8.6,-1.7,-10.3,61.0,-3.2,59.6,8569,61.4,0.3L,0.98
LW_60-70,"September 6, 2025",3.0,-1.6,-4.6,62.5,-1.2,60.6,6821,62.8,4.1L,0.97
LW_60-70,"September 6, 2025",4.0,-1.0,-5.0,64.3,-1.6,61.1,9439,63.5,0.3L,0.95
LW_60-70,"September 6, 2025",4.2,-3.0,-7.2,61.5,-2.8,58.5,6143,60.4,8.0L,0.95
LW_60-70,"October 2, 2025",2.0,-1.5,-3.5,65.4,0.0,64.7,7874,69.9,4.6L,0.99
LW_60-70,"October 2, 2025",3.9,-2.7,-6.6,65.0,-4.3,59.0,5901,60.4,7.3L,0.91
LW_60-70,"October 17, 2025",7.0,-1.5,-8.5,61.7,-3.8,58.6,7171,60.0,1.6L,0.95
LW_60-70,"October 17, 2025",8.0,-0.9,-8.9,63.1,-4.0,59.9,5415,62.2,2.2L,0.95
LW_60-70,"October 17, 2025",7.2,-1.5,-8.7,64.0,-4.0,59.8,3745,62.7,6.1L,0.93
LW_60-70,"March 13, 2026",7.4,0.9,-6.5,65.4,-2.8,64.4,10068,68.6,7.0R,0.98
LW_60-70,"June 13, 2026",2.4,-2.6,-5.0,64.6,-2.4,60.1,8765,62.2,5.9L,0.93
LW_60-70,"June 13, 2026",3.2,-2.8,-6.0,64.7,-2.4,61.6,8081,64.0,7.0L,0.95
LW_60-70,"June 13, 2026",2.6,-2.8,-5.4,65.1,-1.6,59.4,8594,61.0,6.0L,0.91
LW_60-70,"June 13, 2026",2.0,-4.1,-6.1,63.6,-1.4,59.9,7615,61.8,10.9L,0.94
LW_60-70,"June 13, 2026",4.2,-2.4,-6.6,64.6,-1.0,61.7,8834,64.6,4.7L,0.95
LW_60-70,"June 13, 2026",3.4,-2.6,-6.0,63.8,-2.2,63.7,9196,67.8,6.3L,1.0
LW_60-70,"June 13, 2026",1.2,-0.5,-1.7,65.9,1.0,59.8,9562,61.5,0.5L,0.91
LW_60-70,"June 13, 2026",4.2,-3.2,-7.4,64.3,-2.8,60.5,8654,62.7,6.7L,0.94
LW_60-70,"June 13, 2026",3.0,-2.6,-5.6,62.4,-1.6,61.3,9621,63.9,5.2L,0.98
LW_60-70,"June 13, 2026",5.0,-2.7,-7.7,65.5,-2.0,63.1,9609,66.6,5.2L,0.96
LW_60-70,"June 13, 2026",3.2,-3.2,-6.4,62.7,-2.4,60.0,9339,61.8,6.4L,0.96
LW_60-70,"June 13, 2026",2.8,-2.8,-5.6,64.7,-1.4,62.0,8759,65.0,6.8L,0.96
PW,"June 15, 2026",6.0,-1.1,-7.1,68.1,-1.0,84.3,7637,103.0,14.1L,1.24
PW,"June 15, 2026",6.3,-0.9,-7.2,68.8,-2.5,85.0,7958,103.8,12.9L,1.24
PW,"June 15, 2026",5.4,0.9,-4.5,68.5,-3.2,83.2,7984,101.3,0.5R,1.22
PW,"June 15, 2026",5.2,-1.7,-6.9,68.4,-2.8,85.4,7774,104.9,17.8L,1.25
PW,"June 15, 2026",4.4,0.9,-3.5,68.7,-2.8,83.6,8153,101.5,1.5R,1.22
PW,"June 15, 2026",5.6,0.5,-5.1,68.4,-2.4,84.6,7909,103.3,3.1L,1.24
PW,"September 2, 2025",4.0,1.5,-2.5,67.3,-3.0,81.2,7661,98.1,5.7R,1.21
PW,"September 2, 2025",4.0,-2.1,-6.1,66.5,-3.0,83.1,6998,102.3,18.2L,1.25
PW,"September 2, 2025",4.0,0.5,-3.5,65.9,-3.4,84.2,7307,103.6,1.5L,1.28
PW,"September 2, 2025",4.0,-0.6,-4.6,65.8,-4.6,82.2,7327,100.5,7.5L,1.25
PW,"September 2, 2025",3.6,-0.9,-4.5,67.4,-3.2,80.9,7543,97.8,8.3L,1.2
PW,"September 2, 2025",5.4,-0.3,-5.7,66.4,-2.4,83.4,7225,102.2,8.2L,1.26
PW,"September 2, 2025",3.6,0.5,-3.1,67.3,-3.4,82.3,7441,100.1,0.3L,1.22
PW,"September 10, 2025",6.0,1.2,-4.8,67.3,-3.8,82.2,7719,99.8,2.1R,1.22
PW,"September 10, 2025",7.0,1.7,-5.3,68.3,-4.6,84.3,7794,103.2,3.3R,1.23
PW,"September 10, 2025",5.4,1.6,-3.8,68.2,-4.4,82.2,8158,99.5,4.9R,1.21
PW,"September 10, 2025",6.8,2.6,-4.2,67.5,-4.2,83.9,8052,102.3,9.5R,1.24
PW,"September 10, 2025",5.8,0.9,-4.9,67.5,-2.4,83.0,7609,101.3,0.3L,1.23
PW,"September 10, 2025",7.8,1.7,-6.1,67.2,-3.6,82.7,7726,100.6,3.0R,1.23
PW,"September 10, 2025",5.6,0.6,-5.0,68.0,-3.0,83.0,7894,101.0,1.6L,1.22
PW,"September 10, 2025",7.6,-0.9,-8.5,68.2,-5.0,84.5,7581,103.6,14.5L,1.24
PW,"September 10, 2025",5.4,2.7,-2.7,67.4,-4.0,82.7,8032,100.3,11.8R,1.23
PW,"September 10, 2025",6.2,2.7,-3.5,67.8,-3.0,83.5,7859,101.7,10.9R,1.23
PW,"September 10, 2025",7.2,1.5,-5.7,67.8,-3.8,83.7,7682,102.3,1.6R,1.23
PW,"October 2, 2025",5.2,0.0,-5.2,69.2,-3.6,84.0,8082,102.4,5.1L,1.21
PW,"October 2, 2025",5.6,0.7,-4.9,69.6,-4.0,85.7,7789,105.5,1.9L,1.23
PW,"January 20, 2026",4.8,-2.9,-7.7,69.2,-2.2,83.8,7479,102.5,24.4L,1.21
PW,"January 20, 2026",3.4,-0.9,-4.3,69.8,-3.8,82.2,7881,99.5,8.4L,1.18
PW,"January 20, 2026",4.0,-1.6,-5.6,69.1,-2.8,84.8,7693,103.8,14.9L,1.23
PW,"January 20, 2026",1.6,-2.5,-4.1,68.7,-3.6,82.9,8157,100.3,16.8L,1.21
PW,"January 20, 2026",3.2,0.3,-2.9,69.3,-3.6,83.8,7909,102.1,1.2L,1.21
PW,"January 20, 2026",1.4,-3.4,-4.8,69.6,-3.4,82.9,7575,101.3,22.8L,1.19
PW,"January 27, 2026",5.2,2.6,-2.6,69.1,-3.4,84.6,8007,103.4,11.6R,1.22
PW,"January 27, 2026",5.2,2.2,-3.0,68.7,-2.8,81.0,7816,97.7,8.8R,1.18
PW,"January 27, 2026",6.6,1.1,-5.5,69.0,-3.2,80.8,7685,97.5,0.7R,1.17
PW,"January 27, 2026",6.8,2.9,-3.9,69.2,-2.4,85.4,8018,104.5,11.3R,1.23
PW,"January 27, 2026",6.2,3.1,-3.1,68.6,-1.6,84.8,7652,103.6,13.5R,1.24
PW,"January 27, 2026",4.4,1.4,-3.0,68.8,-2.0,84.8,7562,104.4,3.9R,1.23
PW,"January 27, 2026",6.0,-1.0,-7.0,68.7,-1.6,83.4,7404,101.9,13.2L,1.21
PW,"January 27, 2026",5.6,0.9,-4.7,68.9,-2.8,84.5,7581,103.7,0.5L,1.23
PW,"January 27, 2026",7.2,1.9,-5.3,68.5,-2.4,83.7,7602,102.2,4.7R,1.22
PW,"January 30, 2026",6.6,-0.2,-6.8,67.0,-2.8,83.1,7996,101.0,7.8L,1.24
PW,"January 30, 2026",7.0,-1.1,-8.1,67.2,-3.2,82.8,7835,100.5,13.8L,1.23
PW,"January 30, 2026",4.8,-2.6,-7.4,66.8,-3.6,81.9,7546,99.5,20.8L,1.23
PW,"January 30, 2026",7.0,2.6,-4.4,67.4,-3.8,81.5,8646,97.7,10.5R,1.21
PW,"January 30, 2026",5.2,1.1,-4.1,67.0,-5.0,83.4,8047,101.5,2.0R,1.24
PW,"January 30, 2026",6.2,-2.2,-8.4,66.6,-3.2,83.5,7729,101.8,20.7L,1.25
PW,"January 30, 2026",6.0,-0.3,-6.3,67.2,-4.8,83.0,7612,101.3,7.9L,1.23
PW,"March 14, 2026",6.0,3.5,-2.5,68.6,-3.6,84.4,7874,102.8,16.3R,1.23
PW,"March 14, 2026",4.4,2.6,-1.8,68.0,-4.2,80.2,8663,95.1,11.9R,1.18
PW,"March 14, 2026",4.4,2.1,-2.3,69.2,-4.8,86.6,8166,106.4,8.8R,1.25
PW,"March 14, 2026",5.2,2.1,-3.1,68.3,-3.6,84.0,7626,102.5,7.8R,1.23
PW,"March 14, 2026",5.6,0.9,-4.7,69.0,-4.4,87.1,7557,108.3,1.0L,1.26
PW,"March 14, 2026",4.6,4.4,-0.2,68.0,-4.0,83.0,8139,100.1,22.7R,1.22
PW,"March 14, 2026",5.0,1.4,-3.6,69.2,-4.8,85.5,7861,105.1,3.9R,1.23
PW,"March 14, 2026",2.0,0.3,-1.7,68.5,-5.4,83.6,7737,102.3,0.3L,1.22
PW,"March 18, 2026",2.8,2.5,-0.3,69.8,-2.8,85.9,8086,105.0,13.6R,1.23
PW,"March 18, 2026",3.0,1.6,-1.4,69.4,-3.2,86.9,8208,106.6,7.2R,1.25
PW,"March 18, 2026",3.2,2.9,-0.3,69.5,-2.8,84.7,8277,103.0,15.5R,1.22
PW,"March 18, 2026",4.4,2.2,-2.2,69.3,-1.6,86.2,8125,104.8,9.7R,1.24
PW,"March 18, 2026",3.8,3.4,-0.4,69.4,-3.0,87.7,8061,108.1,18.7R,1.26
PW,"March 18, 2026",4.0,0.8,-3.2,69.5,-2.6,87.4,8028,107.7,0.1R,1.26
PW,"March 18, 2026",5.0,1.0,-4.0,69.3,-3.8,85.8,7718,105.9,0.5R,1.24
PW,"March 18, 2026",6.4,-0.3,-6.7,69.0,-2.8,84.7,7642,103.9,9.8L,1.23
PW,"March 18, 2026",3.4,0.1,-3.3,69.3,-2.0,87.1,8093,107.5,4.2L,1.26
PW,"March 18, 2026",2.4,-0.3,-2.7,68.5,-4.6,84.5,7340,104.4,4.6L,1.23
PW,"March 18, 2026",4.0,3.3,-0.7,69.9,-2.0,84.9,8029,103.6,16.9R,1.22
PW,"March 18, 2026",3.2,-0.8,-4.0,69.5,-2.8,84.0,7981,102.3,8.7L,1.21
PW,"March 18, 2026",3.0,2.3,-0.7,69.3,-2.2,83.9,8067,102.0,11.3R,1.21
PW,"March 18, 2026",4.4,2.6,-1.8,68.5,-2.6,86.0,7994,105.6,11.9R,1.26
PW,"March 18, 2026",2.8,1.9,-0.9,69.1,-3.6,85.5,8369,104.5,9.4R,1.24
PW,"March 18, 2026",2.8,2.5,-0.3,69.4,-2.0,87.5,8294,107.4,13.9R,1.26
PW,"April 13, 2026",1.8,-0.4,-2.2,67.6,-3.6,84.5,7757,103.6,4.8L,1.25
PW,"April 14, 2026",0.8,4.1,3.3,68.6,-4.4,79.7,8219,95.2,22.5R,1.16
PW,"April 14, 2026",6.2,-1.3,-7.5,68.3,-3.8,82.5,9000,97.2,11.3L,1.21
PW,"April 14, 2026",6.0,-2.9,-8.9,68.9,-3.4,82.5,8810,97.9,21.0L,1.2
PW,"April 14, 2026",6.6,0.2,-6.4,67.5,-4.0,85.8,7134,106.7,7.4L,1.27
PW,"April 14, 2026",4.0,3.1,-0.9,68.1,-5.4,84.7,8089,103.5,16.1R,1.24
PW,"April 14, 2026",2.2,0.2,-2.0,68.8,-4.0,83.4,7667,102.0,1.1L,1.21
PW,"April 14, 2026",-3.0,-3.5,-0.5,68.1,-5.0,83.5,7402,102.7,19.3L,1.23
PW,"April 14, 2026",4.6,-3.6,-8.2,69.7,-4.6,82.8,8960,98.5,24.1L,1.19
PW,"April 14, 2026",3.8,-1.1,-4.9,69.2,-4.6,87.4,7567,108.9,13.0L,1.26
PW,"April 14, 2026",4.8,2.0,-2.8,68.3,-3.6,84.2,7983,102.7,8.1R,1.23
PW,"April 14, 2026",2.6,-2.7,-5.3,68.7,-5.0,83.1,8740,99.6,18.1L,1.21
PW,"April 14, 2026",6.0,-0.8,-6.8,67.9,-4.2,86.5,7506,107.3,13.6L,1.27
PW,"April 14, 2026",5.2,-0.3,-5.5,68.9,-4.0,86.2,8038,106.1,8.0L,1.25
PW,"April 14, 2026",5.2,2.7,-2.5,68.8,-3.6,84.7,8003,103.5,12.2R,1.23
PW,"April 14, 2026",4.2,2.3,-1.9,68.9,-4.8,81.5,7831,98.6,10.0R,1.18
PW,"April 14, 2026",6.0,3.5,-2.5,66.7,-5.2,80.6,7935,97.0,16.3R,1.21
PW,"April 14, 2026",5.8,-3.1,-8.9,68.9,-3.2,87.4,7123,109.3,31.7L,1.27
PW,"April 14, 2026",3.6,0.6,-3.0,68.7,-5.2,80.9,7929,97.2,0.5R,1.18
PW,"June 13, 2026",5.3,-4.1,-9.4,68.7,-1.3,80.2,6283,98.0,30.7L,1.17
PW,"June 13, 2026",4.0,-3.2,-7.2,68.0,-1.8,86.0,6781,107.2,28.4L,1.26
PW,"June 13, 2026",2.0,-3.8,-5.8,68.1,-0.8,83.6,6925,103.1,27.5L,1.23
PW,"June 13, 2026",3.0,-3.6,-6.6,67.7,-1.2,84.4,6541,105.0,28.9L,1.25
PW,"June 13, 2026",3.2,-2.2,-5.4,67.5,-1.2,82.0,6891,100.2,17.2L,1.21
PW,"June 13, 2026",2.6,0.2,-2.4,66.3,-2.4,81.8,7151,99.4,1.6L,1.23
PW,"June 13, 2026",2.0,-3.9,-5.9,67.2,-2.2,84.0,6927,103.5,28.1L,1.25
PW,"June 13, 2026",3.0,-2.1,-5.1,68.0,-2.6,85.6,6785,106.1,18.9L,1.26
PW,"June 13, 2026",5.2,-2.8,-8.0,67.3,-3.2,81.3,6708,99.4,22.9L,1.21
PW,"June 13, 2026",2.4,-1.2,-3.6,68.3,-1.6,84.0,7049,103.4,10.7L,1.23
PW,"June 13, 2026",2.2,-2.0,-4.2,68.2,-0.8,85.2,6733,105.3,16.7L,1.25
PW,"June 13, 2026",2.8,-1.3,-4.1,67.8,-2.4,82.5,7006,101.0,11.1L,1.22
PW,"June 13, 2026",2.4,-1.5,-3.9,67.0,-2.0,82.5,6986,100.8,12.5L,1.23
PW,"June 13, 2026",2.6,-1.7,-4.3,67.9,-2.2,84.4,6795,104.4,15.0L,1.24
PW,"June 13, 2026",3.8,-2.7,-6.5,67.8,-2.4,81.8,7082,99.7,20.8L,1.21
SW_70-75,"August 21, 2025",4.6,-4.5,-9.1,67.0,-4.2,67.9,9685,74.6,14.4L,1.01
SW_70-75,"August 21, 2025",5.6,-0.6,-6.2,64.2,-3.0,65.9,9462,71.3,0.3R,1.03
SW_70-75,"August 21, 2025",5.6,-1.6,-7.2,65.2,-1.6,66.9,9215,72.9,3.6L,1.03
SW_70-75,"August 21, 2025",6.8,-3.1,-9.9,67.3,-3.2,66.2,9403,71.8,7.8L,0.98
SW_70-75,"August 21, 2025",7.0,-1.7,-8.7,66.1,-1.2,67.4,9149,73.7,3.6L,1.02
SW_70-75,"August 21, 2025",6.0,-1.4,-7.4,66.1,-4.8,66.4,9201,72.3,2.9L,1.0
SW_70-75,"August 21, 2025",5.6,2.9,-2.7,64.5,-3.0,67.2,9536,73.4,12.0R,1.04
SW_70-75,"August 21, 2025",7.6,-2.4,-10.0,67.1,-4.6,66.6,9647,72.4,5.3L,0.99
SW_70-75,"August 23, 2025",2.8,-3.1,-5.9,63.4,-4.0,67.4,8939,74.1,10.5L,1.06
SW_70-75,"August 23, 2025",3.2,-4.8,-8.0,62.4,-3.4,65.6,8782,71.2,15.3L,1.05
SW_70-75,"August 23, 2025",2.8,-4.6,-7.4,64.4,-4.0,67.1,8919,73.6,15.7L,1.04
SW_70-75,"August 23, 2025",-0.8,-2.1,-1.3,64.3,0.4,65.0,8407,70.2,7.3L,1.01
SW_70-75,"August 23, 2025",3.8,-3.2,-7.0,63.5,-2.2,67.1,8327,73.4,11.0L,1.06
SW_70-75,"August 23, 2025",2.8,-3.9,-6.7,64.1,-3.4,67.1,8889,73.6,13.3L,1.05
SW_70-75,"August 23, 2025",1.2,0.0,-1.2,63.5,-2.4,66.4,9092,72.1,0.4R,1.04
SW_70-75,"August 23, 2025",1.8,-0.7,-2.5,64.3,-3.2,67.3,8974,73.4,1.9L,1.05
SW_70-75,"August 23, 2025",-0.2,0.3,0.5,65.0,0.2,65.5,8967,70.9,1.0R,1.01
SW_70-75,"August 25, 2025",5.8,-1.8,-7.6,61.4,-3.2,67.0,8398,73.7,5.3L,1.09
SW_70-75,"August 25, 2025",4.4,-1.8,-6.2,61.8,-3.0,66.7,8786,73.1,5.4L,1.08
SW_70-75,"August 25, 2025",5.1,-1.3,-6.4,62.6,-5.7,64.9,8902,70.1,2.4L,1.04
SW_70-75,"August 25, 2025",7.9,-2.3,-10.2,61.3,-9.7,67.6,8578,74.6,7.4L,1.1
SW_70-75,"August 25, 2025",4.6,-2.4,-7.0,61.8,-3.2,66.1,8756,72.0,6.9L,1.07
SW_70-75,"August 25, 2025",4.8,-2.8,-7.6,62.3,-2.8,67.1,8895,73.7,8.7L,1.08
SW_70-75,"August 25, 2025",3.8,-0.9,-4.7,62.1,-3.4,65.3,9041,70.6,1.4L,1.05
SW_70-75,"August 29, 2025",-0.4,0.2,0.6,66.4,2.6,66.8,9721,72.8,0.6R,1.01
SW_70-75,"August 29, 2025",2.0,-2.2,-4.2,66.7,-2.2,65.5,9621,70.6,6.1L,0.98
SW_70-75,"August 29, 2025",3.8,-1.0,-4.8,66.4,-1.8,65.2,9452,70.3,1.4L,0.98
SW_70-75,"August 29, 2025",2.8,-0.2,-3.0,67.0,-2.8,67.3,9532,73.6,0.5R,1.0
SW_70-75,"August 29, 2025",2.2,-0.2,-2.4,66.9,-0.8,66.2,9778,71.7,0.5R,0.99
SW_70-75,"August 29, 2025",1.4,-3.3,-4.7,66.5,-3.2,67.1,9487,73.5,11.1L,1.01
SW_70-75,"August 29, 2025",3.2,-0.8,-4.0,66.3,-3.2,66.9,9198,73.0,1.7L,1.01
SW_70-75,"August 29, 2025",5.4,-2.3,-7.7,66.0,-2.0,67.8,8941,74.5,6.8L,1.03
SW_70-75,"August 29, 2025",3.4,-0.9,-4.3,64.9,-1.0,65.2,9501,70.1,1.4L,1.0
SW_70-75,"August 29, 2025",3.2,-0.3,-3.5,66.3,-1.4,67.8,8935,74.0,0.1L,1.02
SW_70-75,"August 29, 2025",0.6,-1.7,-2.3,66.6,-1.6,67.8,9383,74.6,6.0L,1.02
SW_70-75,"September 2, 2025",4.6,-1.5,-6.1,59.0,-2.4,65.2,7893,70.9,4.2L,1.1
SW_70-75,"September 2, 2025",2.8,-5.3,-8.1,59.4,-1.6,66.7,7949,73.3,19.0L,1.12
SW_70-75,"September 2, 2025",2.4,-2.5,-4.9,61.3,2.4,66.6,8176,73.1,8.6L,1.09
SW_70-75,"September 6, 2025",-0.2,-0.5,-0.3,62.1,-2.6,65.1,9175,70.2,1.8L,1.05
SW_70-75,"September 17, 2025",8.4,0.9,-7.5,66.1,-2.4,67.6,9435,74.3,6.2R,1.02
SW_70-75,"September 17, 2025",4.8,2.5,-2.3,66.7,-2.2,67.0,9532,73.3,10.5R,1.01
SW_70-75,"October 2, 2025",3.2,-4.5,-7.7,66.4,-3.8,67.1,9162,73.5,15.0L,1.01
SW_70-75,"October 2, 2025",4.2,-0.7,-4.9,65.4,-3.4,67.4,9463,73.7,0.8L,1.03
SW_70-75,"October 2, 2025",2.2,-2.2,-4.4,66.2,-2.4,65.9,9516,71.4,6.4L,1.0
SW_70-75,"October 2, 2025",4.0,0.1,-3.9,65.8,-1.8,66.8,9708,72.2,2.2R,1.02
SW_70-75,"October 2, 2025",4.2,0.0,-4.2,64.6,-2.8,65.7,9251,71.1,1.8R,1.02
SW_70-75,"October 2, 2025",4.8,-1.9,-6.7,65.4,-4.0,66.8,8958,73.1,5.4L,1.02
SW_70-75,"October 17, 2025",4.2,-3.7,-7.9,66.2,-4.8,67.7,8645,74.7,13.0L,1.02
SW_70-75,"October 17, 2025",5.2,-4.0,-9.2,66.0,-4.4,67.1,9372,73.4,12.4L,1.02
SW_70-75,"October 17, 2025",5.4,-1.4,-6.8,66.2,-4.8,67.8,9409,74.5,3.2L,1.03
SW_70-75,"October 17, 2025",6.5,0.8,-5.7,66.9,-5.3,66.6,9821,72.5,5.4R,1.0
SW_70-75,"October 17, 2025",-0.4,-3.4,-3.0,67.3,-3.8,65.1,9204,70.0,11.2L,0.97
SW_70-75,"October 17, 2025",1.0,-4.0,-5.0,66.9,-4.4,65.4,8631,71.0,13.3L,0.98
SW_70-75,"October 17, 2025",3.6,-2.5,-6.1,66.4,-4.8,65.3,9349,70.0,6.7L,0.98
SW_70-75,"October 17, 2025",5.6,-1.3,-6.9,65.0,-5.2,65.5,8096,71.3,3.3L,1.01
SW_70-75,"January 13, 2026",5.2,-1.8,-7.0,65.6,-0.4,67.2,8603,73.8,5.3L,1.02
SW_70-75,"January 13, 2026",3.0,-1.4,-4.4,67.2,-3.4,65.5,9558,70.8,3.2L,0.97
SW_70-75,"January 13, 2026",5.8,-4.1,-9.9,65.4,-3.6,66.0,9099,71.6,11.9L,1.01
SW_70-75,"January 13, 2026",5.2,-2.2,-7.4,66.7,-4.2,67.8,9426,74.6,6.3L,1.02
SW_70-75,"January 13, 2026",5.4,-1.5,-6.9,66.4,-4.2,66.5,9139,72.5,3.5L,1.0
SW_70-75,"January 27, 2026",3.2,-1.9,-5.1,65.4,-2.8,66.7,9561,72.8,5.2L,1.02
SW_70-75,"January 27, 2026",0.6,-1.3,-1.9,66.9,-2.8,66.3,9623,72.0,4.0L,0.99
SW_70-75,"January 27, 2026",-0.2,-0.7,-0.5,66.9,-0.2,68.0,9485,74.1,2.6L,1.02
SW_70-75,"January 27, 2026",4.6,-3.9,-8.5,65.9,-2.8,66.2,8623,72.0,12.3L,1.0
SW_70-75,"January 27, 2026",0.2,-0.2,-0.4,65.0,-3.8,65.4,9075,70.2,0.6L,1.01
SW_70-75,"January 27, 2026",2.2,0.1,-2.1,63.3,-3.8,66.3,8226,72.0,0.8R,1.05
SW_70-75,"January 29, 2026",4.0,2.1,-1.9,66.8,0.0,66.2,9109,71.8,8.5R,0.99
SW_70-75,"January 29, 2026",4.6,5.7,1.1,66.1,0.6,68.0,9833,74.4,21.9R,1.03
SW_70-75,"February 1, 2026",4.2,2.0,-2.2,63.5,-3.0,65.0,9289,70.0,8.3R,1.02
SW_70-75,"February 1, 2026",5.0,1.6,-3.4,65.2,-4.4,65.9,10139,71.2,7.7R,1.01
SW_70-75,"February 1, 2026",4.2,2.1,-2.1,63.6,-4.0,65.1,9729,70.0,8.6R,1.02
SW_70-75,"February 1, 2026",3.8,1.4,-2.4,64.3,-4.4,66.9,9811,72.9,6.3R,1.04
SW_70-75,"February 1, 2026",3.8,1.3,-2.5,65.1,-5.2,65.2,10028,70.2,6.1R,1.0
SW_70-75,"February 6, 2026",2.2,-3.4,-5.6,65.6,-3.6,67.5,9728,73.9,10.9L,1.03
SW_70-75,"February 6, 2026",1.8,-2.8,-4.6,64.8,-3.4,66.8,9721,72.7,8.8L,1.03
SW_70-75,"February 6, 2026",3.0,-0.1,-3.1,67.2,-3.6,66.2,9538,71.8,1.0R,0.99
SW_70-75,"February 11, 2026",3.4,-1.8,-5.2,65.6,-2.0,67.4,9541,73.8,5.1L,1.03
SW_70-75,"February 11, 2026",4.4,-1.6,-6.0,63.9,-4.0,66.3,9811,72.0,3.5L,1.04
SW_70-75,"February 11, 2026",5.8,-1.6,-7.4,65.1,-2.6,66.4,9576,72.2,3.0L,1.02
SW_70-75,"March 13, 2026",6.6,-0.4,-7.0,66.5,-4.0,67.7,9193,74.5,0.4R,1.02
SW_70-75,"March 14, 2026",2.4,2.8,0.4,65.1,-4.6,66.2,8750,72.3,10.4R,1.02
SW_70-75,"March 14, 2026",2.4,0.9,-1.5,65.6,-5.8,66.1,8810,72.1,3.8R,1.01
SW_70-75,"March 14, 2026",3.4,0.3,-3.1,65.4,-3.6,67.1,8530,73.9,1.7R,1.03
SW_70-75,"March 18, 2026",2.4,0.8,-1.6,65.7,-2.8,67.6,8632,74.0,3.4R,1.03
SW_70-75,"March 18, 2026",1.6,-0.4,-2.0,66.2,-4.6,65.8,9855,71.1,0.7L,0.99
SW_70-75,"March 18, 2026",4.9,0.4,-4.5,66.8,-6.5,66.6,9484,72.6,3.3R,1.0
SW_70-75,"April 5, 2026",2.8,0.5,-2.3,61.9,-3.6,65.3,9196,70.7,2.7R,1.06
SW_70-75,"April 5, 2026",2.2,-1.8,-4.0,66.3,-4.0,67.0,8885,73.5,6.0L,1.01
SW_70-75,"April 5, 2026",2.8,2.4,-0.4,65.4,-2.8,66.4,9785,72.2,9.4R,1.02
SW_70-75,"April 5, 2026",3.4,-0.9,-4.3,64.3,-1.4,65.1,8931,70.0,1.7L,1.01
SW_70-75,"April 5, 2026",2.2,-1.9,-4.1,65.7,-4.0,67.4,9071,74.2,6.1L,1.03
SW_70-75,"April 5, 2026",2.2,0.3,-1.9,63.7,-2.6,66.0,9247,71.7,1.9R,1.03
SW_70-75,"April 11, 2026",1.2,3.3,2.1,67.8,-1.8,67.1,9849,72.7,11.7R,0.99
SW_70-75,"April 11, 2026",0.0,1.8,1.8,68.4,0.0,67.2,9747,73.3,5.9R,0.98
SW_70-75,"April 11, 2026",3.0,-1.9,-4.9,63.6,-0.6,66.0,8390,71.6,5.6L,1.04
SW_70-75,"April 11, 2026",0.0,0.7,0.7,67.8,-2.4,67.7,9783,73.7,2.3R,1.0
SW_70-75,"April 11, 2026",1.8,0.8,-1.0,67.4,-1.6,65.7,9887,70.8,3.3R,0.97
SW_70-75,"April 11, 2026",3.2,1.9,-1.3,67.3,-3.6,67.2,9571,73.2,7.9R,1.0
SW_70-75,"April 13, 2026",4.8,1.5,-3.3,64.2,-1.6,67.2,8951,73.2,6.8R,1.05
SW_70-75,"April 13, 2026",2.6,2.9,0.3,66.5,-1.6,67.9,9397,73.9,11.2R,1.02
SW_70-75,"April 13, 2026",3.8,0.8,-3.0,63.5,-1.8,65.2,9376,70.0,4.3R,1.03
SW_70-75,"June 13, 2026",3.4,-1.5,-4.9,66.9,-1.6,67.9,9451,74.4,4.1L,1.02
SW_70-75,"June 13, 2026",1.8,-1.7,-3.5,66.6,-0.8,68.2,9599,74.9,5.4L,1.02
SW_70-75,"June 13, 2026",3.6,-0.5,-4.1,65.3,-3.2,68.1,9235,74.9,0.8L,1.04
SW_70-75,"June 14, 2026",2.8,-3.1,-5.9,63.4,-4.0,67.4,8939,74.1,10.5L,1.06
SW_70-75,"June 14, 2026",3.2,-4.8,-8.0,62.4,-3.4,65.6,8782,71.2,15.3L,1.05
SW_70-75,"June 14, 2026",2.8,-4.6,-7.4,64.4,-4.0,67.1,8919,73.6,15.7L,1.04
SW_70-75,"June 14, 2026",-0.8,-2.1,-1.3,64.3,0.4,65.0,8407,70.2,7.3L,1.01
SW_70-75,"June 14, 2026",3.8,-3.2,-7.0,63.5,-2.2,67.1,8327,73.4,11.0L,1.06
SW_70-75,"June 14, 2026",2.8,-3.9,-6.7,64.1,-3.4,67.1,8889,73.6,13.3L,1.05
SW_70-75,"June 14, 2026",1.2,0.0,-1.2,63.5,-2.4,66.4,9092,72.1,0.4R,1.04
SW_70-75,"June 14, 2026",1.8,-0.7,-2.5,64.3,-3.2,67.3,8974,73.4,1.9L,1.05
SW_70-75,"June 14, 2026",-0.2,0.3,0.5,65.0,0.2,65.5,8967,70.9,1.0R,1.01
SW_75-85,"August 21, 2025",6.0,-3.3,-9.3,67.1,-1.8,70.9,9217,79.3,12.4L,1.06
SW_75-85,"August 21, 2025",5.8,-3.1,-8.9,68.0,-3.4,70.7,9489,79.1,11.3L,1.04
SW_75-85,"August 21, 2025",5.0,-1.2,-6.2,67.2,-1.8,71.4,9471,79.5,3.9L,1.06
SW_75-85,"August 21, 2025",5.4,-4.4,-9.8,66.5,-4.2,68.7,9333,75.9,14.8L,1.03
SW_75-85,"August 21, 2025",5.2,-2.0,-7.2,68.1,-2.4,71.0,9756,79.3,6.6L,1.04
SW_75-85,"August 21, 2025",6.0,-1.5,-7.5,68.0,-2.4,70.4,9548,78.3,4.4L,1.03
SW_75-85,"August 21, 2025",5.4,-1.3,-6.7,67.2,-2.6,70.1,9621,77.9,3.4L,1.04
SW_75-85,"August 21, 2025",4.6,-2.5,-7.1,67.2,-3.4,69.6,9587,77.4,8.3L,1.03
SW_75-85,"August 21, 2025",6.0,-1.4,-7.4,67.4,-2.8,70.1,9726,77.8,3.6L,1.04
SW_75-85,"August 21, 2025",5.8,-1.0,-6.8,66.3,-1.2,68.7,9439,75.6,1.9L,1.04
SW_75-85,"August 25, 2025",6.4,-0.6,-7.0,67.6,-3.2,73.1,9566,82.7,1.8L,1.08
SW_75-85,"August 25, 2025",6.4,-2.4,-8.8,63.9,-2.6,70.3,8883,78.8,9.1L,1.1
SW_75-85,"August 25, 2025",6.0,-1.3,-7.3,66.9,-1.4,72.8,9208,82.5,5.4L,1.09
SW_75-85,"August 25, 2025",5.0,-1.0,-6.0,67.7,-1.4,73.5,9069,83.2,4.4L,1.09
SW_75-85,"August 25, 2025",5.8,-2.4,-8.2,62.1,-2.8,68.8,9022,76.4,7.8L,1.11
SW_75-85,"August 25, 2025",4.8,2.1,-2.7,66.5,-2.6,69.4,9818,77.0,9.5R,1.04
SW_75-85,"August 29, 2025",3.4,-0.6,-4.0,66.0,-2.8,70.3,9013,78.2,1.9L,1.07
SW_75-85,"August 29, 2025",0.0,0.4,0.4,66.7,2.2,68.8,9104,75.6,1.6R,1.03
SW_75-85,"August 29, 2025",2.2,-3.0,-5.2,66.5,-1.8,69.2,9621,76.4,10.3L,1.04
SW_75-85,"August 29, 2025",2.6,-1.0,-3.6,67.4,-0.4,69.1,9544,75.8,2.9L,1.03
SW_75-85,"August 29, 2025",3.6,-1.4,-5.0,65.8,-2.4,68.6,9209,75.6,4.2L,1.04
SW_75-85,"August 29, 2025",4.0,0.4,-3.6,66.1,-2.8,68.6,9509,75.4,2.8R,1.04
SW_75-85,"August 29, 2025",3.8,-0.8,-4.6,66.7,-2.2,70.0,9361,77.7,2.2L,1.05
SW_75-85,"August 29, 2025",4.0,-0.5,-4.5,66.3,-1.8,68.4,8674,75.0,1.1L,1.03
SW_75-85,"August 29, 2025",2.0,0.3,-1.7,66.1,-1.6,69.9,8293,78.6,1.2R,1.06
SW_75-85,"August 29, 2025",3.0,-1.2,-4.2,66.3,-2.8,68.3,8994,75.2,3.6L,1.03
SW_75-85,"August 29, 2025",3.6,-2.1,-5.7,66.2,-3.8,70.7,8946,79.1,8.0L,1.07
SW_75-85,"August 29, 2025",2.0,-1.9,-3.9,64.9,-0.6,69.5,9128,77.1,6.6L,1.07
SW_75-85,"August 29, 2025",2.6,-2.2,-4.8,67.1,-2.0,69.1,8759,76.3,8.0L,1.03
SW_75-85,"August 29, 2025",3.2,-0.5,-3.7,66.3,-2.2,69.8,9258,76.9,1.3L,1.05
SW_75-85,"August 29, 2025",4.0,-0.9,-4.9,66.5,-3.8,71.4,8915,79.9,3.3L,1.07
SW_75-85,"August 29, 2025",4.2,-2.2,-6.4,65.6,-2.4,68.3,8735,75.4,7.3L,1.04
SW_75-85,"August 29, 2025",4.2,-0.5,-4.7,66.0,-3.0,69.7,9414,77.4,0.9L,1.06
SW_75-85,"August 29, 2025",2.6,0.3,-2.3,67.9,-1.8,70.1,9218,78.0,1.7R,1.03
SW_75-85,"August 29, 2025",4.2,-4.1,-8.3,66.4,-3.8,70.9,8743,79.3,16.4L,1.07
SW_75-85,"August 29, 2025",2.6,-0.1,-2.7,66.2,-2.4,68.5,9494,75.4,0.6R,1.03
SW_75-85,"September 2, 2025",6.7,-3.9,-10.6,67.9,-4.9,69.7,8288,78.0,15.5L,1.03
SW_75-85,"September 2, 2025",5.0,-1.5,-6.5,65.6,-3.0,71.9,8804,81.2,6.1L,1.1
SW_75-85,"September 2, 2025",5.2,-1.1,-6.3,66.7,-3.0,70.2,8917,78.3,3.7L,1.05
SW_75-85,"September 6, 2025",3.0,-3.0,-6.0,65.7,-2.0,70.5,8807,78.8,11.8L,1.07
SW_75-85,"September 6, 2025",2.2,-1.2,-3.4,65.3,-3.0,69.6,9213,77.2,4.2L,1.06
SW_75-85,"September 6, 2025",2.6,-1.5,-4.1,65.8,-2.6,71.0,9121,79.1,5.6L,1.08
SW_75-85,"September 17, 2025",5.2,-1.3,-6.5,65.9,-4.6,68.7,9942,75.9,2.9L,1.04
SW_75-85,"September 17, 2025",5.2,1.9,-3.3,66.5,-3.0,69.7,9801,77.5,8.6R,1.05
SW_75-85,"September 17, 2025",6.2,0.5,-5.7,66.6,-4.0,71.0,9819,79.5,3.5R,1.07
SW_75-85,"September 17, 2025",6.0,0.8,-5.2,66.1,-4.0,68.5,9859,75.5,5.0R,1.04
SW_75-85,"October 2, 2025",6.2,0.9,-5.3,66.5,-2.4,70.1,9179,78.1,4.6R,1.05
SW_75-85,"October 2, 2025",5.6,-3.5,-9.1,66.6,-2.6,69.8,9515,77.5,11.8L,1.05
SW_75-85,"October 2, 2025",5.6,-3.8,-9.4,66.4,-1.6,69.8,9332,77.5,13.3L,1.05
SW_75-85,"October 2, 2025",7.2,-0.6,-7.8,68.3,-2.8,74.3,8920,84.9,3.2L,1.09
SW_75-85,"October 2, 2025",6.6,0.7,-5.9,66.8,-3.0,68.5,8710,76.0,3.9R,1.03
SW_75-85,"October 2, 2025",6.2,-0.3,-6.5,67.3,-3.2,70.8,8930,79.4,0.7L,1.05
SW_75-85,"October 2, 2025",5.6,-3.0,-8.6,67.0,-2.2,71.6,9459,80.3,11.3L,1.07
SW_75-85,"October 2, 2025",6.6,-1.4,-8.0,67.6,-1.0,72.5,8899,81.4,5.9L,1.07
SW_75-85,"October 2, 2025",5.6,-1.4,-7.0,65.8,-2.6,68.9,8815,76.4,4.3L,1.05
SW_75-85,"October 2, 2025",2.8,0.4,-2.4,66.0,0.4,69.5,9275,76.8,2.2R,1.05
SW_75-85,"October 2, 2025",4.8,-3.3,-8.1,66.5,-0.6,69.5,8856,77.0,11.8L,1.05
SW_75-85,"October 2, 2025",6.6,-2.2,-8.8,68.0,-4.4,71.0,8920,79.9,8.4L,1.04
SW_75-85,"October 2, 2025",6.4,-0.5,-6.9,66.5,-4.0,71.6,8790,80.9,2.0L,1.08
SW_75-85,"October 2, 2025",8.2,-1.2,-9.4,66.8,-3.6,70.4,8830,79.0,4.2L,1.05
SW_75-85,"October 17, 2025",5.3,-1.6,-6.9,66.7,-6.1,69.3,9393,76.9,4.9L,1.04
SW_75-85,"October 17, 2025",5.4,-1.2,-6.6,66.8,-4.2,68.8,9188,76.0,3.1L,1.03
SW_75-85,"October 17, 2025",5.4,-1.6,-7.0,66.8,-4.8,68.6,9433,75.6,4.2L,1.03
SW_75-85,"January 13, 2026",7.0,-0.3,-7.3,67.1,-3.8,70.7,9803,78.9,0.7R,1.05
SW_75-85,"January 13, 2026",5.8,-2.1,-7.9,66.9,-4.0,69.9,9859,77.6,6.2L,1.04
SW_75-85,"January 13, 2026",5.8,-0.5,-6.3,66.7,-3.2,68.6,9953,75.6,0.3R,1.03
SW_75-85,"January 13, 2026",5.6,-3.4,-9.0,66.1,-3.0,70.2,9475,78.2,12.0L,1.06
SW_75-85,"January 13, 2026",5.6,-2.8,-8.4,65.6,-2.8,68.7,8287,76.3,10.1L,1.05
SW_75-85,"January 13, 2026",5.2,-1.1,-6.3,67.4,-3.4,68.5,9365,75.6,2.4L,1.02
SW_75-85,"January 27, 2026",2.0,-3.8,-5.8,68.0,-2.4,69.0,7947,77.0,15.0L,1.02
SW_75-85,"January 27, 2026",1.0,-2.4,-3.4,67.8,-1.8,68.7,9798,75.7,8.3L,1.01
SW_75-85,"January 27, 2026",3.2,-2.5,-5.7,68.1,-1.6,70.5,9253,78.7,9.3L,1.04
SW_75-85,"January 27, 2026",2.2,0.0,-2.2,65.9,-5.6,68.2,8244,75.1,0.4R,1.03
SW_75-85,"January 27, 2026",1.4,-0.1,-1.5,68.2,-2.6,70.6,10206,78.5,0.0R,1.04
SW_75-85,"January 29, 2026",6.4,-1.3,-7.7,66.8,-1.4,69.6,9209,77.5,3.7L,1.04
SW_75-85,"January 29, 2026",5.0,-2.8,-7.8,67.4,-2.2,71.0,9248,79.6,10.5L,1.05
SW_75-85,"January 29, 2026",7.2,-2.1,-9.3,63.8,1.0,68.4,5984,76.6,10.4L,1.07
SW_75-85,"January 29, 2026",9.9,-1.2,-11.1,67.2,-4.3,69.2,8228,77.0,4.1L,1.03
SW_75-85,"January 29, 2026",5.0,0.9,-4.1,67.9,-2.8,69.7,9758,77.2,4.8R,1.03
SW_75-85,"February 1, 2026",4.8,0.7,-4.1,66.0,-4.4,69.6,9571,77.5,3.8R,1.06
SW_75-85,"February 6, 2026",7.0,-2.1,-9.1,66.5,-3.0,71.3,8967,80.2,8.2L,1.07
SW_75-85,"February 11, 2026",5.4,-2.3,-7.7,66.4,-1.4,68.1,9225,75.1,6.9L,1.03
SW_75-85,"February 11, 2026",5.6,-2.4,-8.0,66.9,-3.6,68.6,9734,75.6,6.9L,1.02
SW_75-85,"February 11, 2026",8.0,-3.9,-11.9,63.6,-3.6,68.4,9082,75.6,13.0L,1.08
SW_75-85,"February 11, 2026",7.0,-3.0,-10.0,66.0,-2.4,69.2,9155,76.7,9.9L,1.05
SW_75-85,"February 11, 2026",6.2,-2.7,-8.9,66.2,-2.2,70.2,9442,78.3,9.2L,1.06
SW_75-85,"February 11, 2026",4.6,-2.1,-6.7,65.1,-3.8,70.9,10211,79.2,6.7L,1.09
SW_75-85,"February 11, 2026",6.8,-4.0,-10.8,66.2,-2.2,70.7,8965,79.3,15.4L,1.07
SW_75-85,"February 11, 2026",6.0,-1.7,-7.7,66.2,-2.2,69.1,9339,76.4,4.9L,1.04
SW_75-85,"March 13, 2026",5.6,0.4,-5.2,67.2,-2.8,68.4,9672,75.4,3.4R,1.02
SW_75-85,"March 13, 2026",7.4,0.8,-6.6,66.8,-3.0,69.4,9256,77.0,4.6R,1.04
SW_75-85,"March 13, 2026",7.0,-0.7,-7.7,66.4,-2.8,69.9,8799,78.1,1.9L,1.05
SW_75-85,"March 13, 2026",4.8,-1.6,-6.4,67.3,-2.6,68.6,9375,75.8,4.6L,1.02
SW_75-85,"March 13, 2026",5.4,-1.9,-7.3,66.6,-3.4,68.2,9356,75.3,5.4L,1.02
SW_75-85,"March 14, 2026",4.8,2.7,-2.1,65.7,-4.6,70.0,9631,77.9,11.7R,1.06
SW_75-85,"March 14, 2026",4.6,-3.4,-8.0,65.5,-5.4,71.5,9794,80.4,12.7L,1.09
SW_75-85,"March 14, 2026",2.6,-2.3,-4.9,65.0,-5.6,68.0,8640,75.3,8.2L,1.05
SW_75-85,"March 14, 2026",4.0,2.4,-1.6,66.1,-4.4,70.3,9943,78.4,10.1R,1.06
SW_75-85,"March 14, 2026",4.4,-0.9,-5.3,65.5,-4.8,69.8,9221,77.8,2.5L,1.07
SW_75-85,"March 14, 2026",5.0,4.3,-0.7,66.8,-4.8,73.5,8759,84.0,18.8R,1.1
SW_75-85,"March 18, 2026",4.0,-2.6,-6.6,65.9,-3.4,73.0,9058,83.1,11.5L,1.11
SW_75-85,"March 18, 2026",3.2,-0.4,-3.6,65.8,-3.2,71.0,8731,79.8,1.3L,1.08
SW_75-85,"March 18, 2026",3.0,-0.2,-3.2,66.3,-4.2,68.8,9378,76.1,0.2R,1.04
SW_75-85,"March 18, 2026",4.0,0.1,-3.9,66.0,-3.2,70.1,8860,78.2,0.8R,1.06
SW_75-85,"April 5, 2026",1.6,-0.8,-2.4,64.6,-3.4,68.3,9201,75.6,2.4L,1.06
SW_75-85,"April 5, 2026",4.4,0.2,-4.2,65.2,-3.6,71.4,9151,80.5,1.3R,1.09
SW_75-85,"April 11, 2026",2.0,-2.1,-4.1,67.2,-3.0,69.9,8760,78.2,8.1L,1.04
SW_75-85,"April 11, 2026",2.2,-1.8,-4.0,67.8,-1.6,71.2,9689,79.8,6.7L,1.05
SW_75-85,"April 13, 2026",6.4,-2.4,-8.8,65.5,-2.4,72.8,9084,82.5,10.2L,1.11
SW_75-85,"April 13, 2026",6.4,-0.1,-6.5,65.2,-2.6,69.0,9191,76.3,1.2R,1.06
SW_75-85,"April 13, 2026",5.2,-1.9,-7.1,65.8,-1.6,69.7,9374,77.1,5.9L,1.06
SW_75-85,"June 13, 2026",3.2,-3.6,-6.8,65.1,-2.8,70.6,9138,79.1,13.9L,1.08
SW_75-85,"June 13, 2026",3.2,-1.5,-4.7,66.2,-1.8,69.7,8713,77.4,5.3L,1.05
SW_75-85,"June 13, 2026",4.0,-3.6,-7.6,66.6,-0.6,71.1,8097,80.0,15.5L,1.07
SW_75-85,"June 13, 2026",4.2,-2.5,-6.7,65.4,-2.6,69.4,8939,77.1,8.8L,1.06
SW_75-85,"June 13, 2026",2.0,-3.1,-5.1,65.9,-2.6,69.9,8831,77.7,11.7L,1.06
SW_75-85,"June 13, 2026",4.2,-3.1,-7.3,66.6,-3.8,68.8,9385,76.0,10.3L,1.03
SW_75-85,"June 13, 2026",3.0,-2.6,-5.6,65.3,-2.6,70.5,9189,79.0,9.9L,1.08
SW_75-85,"June 13, 2026",1.6,-4.1,-5.7,66.7,-0.4,70.9,9288,79.4,16.3L,1.06
SW_75-85,"June 13, 2026",2.8,-2.1,-4.9,67.1,-1.6,70.9,8741,79.0,8.4L,1.06
SW_OTHER,"August 21, 2025",5.2,0.9,-4.3,66.6,-5.0,64.7,9326,69.6,5.0R,0.97
SW_OTHER,"August 23, 2025",1.8,0.1,-1.7,62.7,-3.2,62.4,8691,66.0,1.0R,1.0
SW_OTHER,"August 23, 2025",0.4,0.7,0.3,63.1,-1.6,64.6,9133,69.4,2.4R,1.02
SW_OTHER,"August 23, 2025",1.0,-2.6,-3.6,60.5,-2.6,60.7,8357,63.3,6.9L,1.0
SW_OTHER,"August 23, 2025",1.6,-2.1,-3.7,57.3,-3.0,57.9,8616,58.6,4.2L,1.01
SW_OTHER,"August 25, 2025",4.4,0.8,-3.6,62.0,-3.4,63.9,8878,68.5,4.3R,1.03
SW_OTHER,"August 25, 2025",4.4,1.2,-3.2,62.4,-3.0,63.1,9139,66.9,5.7R,1.01
SW_OTHER,"August 25, 2025",5.4,2.2,-3.2,62.2,-2.0,64.8,8926,69.9,9.4R,1.04
SW_OTHER,"September 2, 2025",2.8,-1.3,-4.1,58.4,-2.4,61.5,8713,64.3,2.4L,1.05
SW_OTHER,"September 2, 2025",4.6,-1.2,-5.8,58.3,-2.6,63.7,7773,68.5,2.9L,1.09
SW_OTHER,"September 2, 2025",3.4,1.9,-1.5,59.4,-1.2,63.4,8183,67.9,7.1R,1.07
SW_OTHER,"September 2, 2025",2.4,-1.4,-3.8,57.2,-2.6,60.6,8233,63.2,2.9L,1.06
SW_OTHER,"September 6, 2025",0.8,-0.5,-1.3,62.9,-2.2,64.5,9194,69.1,1.0L,1.03
SW_OTHER,"September 6, 2025",2.6,-2.0,-4.6,67.4,-1.4,77.6,7268,91.8,12.4L,1.15
SW_OTHER,"September 6, 2025",0.0,1.6,1.6,62.2,-0.6,61.8,8861,64.8,4.4R,0.99
SW_OTHER,"October 2, 2025",0.0,-4.0,-4.0,34.8,-2.8,36.9,5186,26.7,4.0L,1.06
SW_OTHER,"October 2, 2025",4.4,0.3,-4.1,55.3,-4.4,54.5,7888,53.1,2.9R,0.99
SW_OTHER,"October 2, 2025",5.6,1.1,-4.5,58.4,-1.6,59.0,8029,60.7,5.4R,1.01
SW_OTHER,"October 2, 2025",0.4,-5.2,-5.6,40.7,-4.2,44.5,5919,37.0,7.6L,1.09
SW_OTHER,"October 2, 2025",3.0,1.9,-1.1,43.0,-0.2,46.6,5981,41.3,4.6R,1.09
SW_OTHER,"October 2, 2025",2.0,0.2,-1.8,38.9,-3.0,41.4,5988,32.6,1.3R,1.06
SW_OTHER,"October 2, 2025",5.2,0.6,-4.6,68.6,-4.8,77.0,8740,90.0,1.2R,1.12
SW_OTHER,"January 13, 2026",3.8,-1.2,-5.0,66.0,-3.2,64.9,7696,69.7,3.4L,0.98
SW_OTHER,"January 13, 2026",3.2,-1.5,-4.7,62.4,-3.0,59.5,9112,61.1,2.0L,0.95
SW_OTHER,"January 13, 2026",6.8,-2.4,-9.2,66.2,-5.2,64.5,8879,69.3,5.3L,0.97
SW_OTHER,"January 13, 2026",4.2,-2.7,-6.9,65.5,-2.8,59.1,4516,61.5,8.6L,0.9
SW_OTHER,"January 13, 2026",5.2,-4.6,-9.8,65.0,-3.4,62.4,6991,66.5,14.3L,0.96
SW_OTHER,"January 27, 2026",0.0,3.8,3.8,63.4,0.2,60.5,9456,62.7,9.9R,0.95
SW_OTHER,"January 27, 2026",3.0,-1.0,-4.0,64.0,-2.4,61.9,9182,64.9,1.2L,0.97
SW_OTHER,"January 27, 2026",6.4,0.7,-5.7,63.2,-1.2,62.0,8509,65.3,5.0R,0.98
SW_OTHER,"January 27, 2026",1.0,0.8,-0.2,64.5,-2.6,61.7,8540,64.9,2.6R,0.96
SW_OTHER,"January 27, 2026",1.0,-1.3,-2.3,65.6,-1.6,63.0,9372,66.8,3.4L,0.96
SW_OTHER,"February 1, 2026",3.6,5.2,1.6,63.5,-4.6,59.8,9935,61.5,15.6R,0.94
SW_OTHER,"February 1, 2026",8.0,4.3,-3.7,60.0,-3.2,57.4,9426,57.6,15.6R,0.96
SW_OTHER,"February 1, 2026",8.0,-0.9,-8.9,61.4,-4.4,61.8,7177,65.5,1.0L,1.01
SW_OTHER,"February 1, 2026",4.2,0.8,-3.4,64.0,-4.8,63.6,10079,67.6,5.0R,0.99
SW_OTHER,"February 1, 2026",-1.0,0.1,1.1,64.8,-4.2,60.7,9264,63.2,0.4L,0.94
SW_OTHER,"February 1, 2026",2.8,5.3,2.5,62.8,-5.2,60.5,9672,62.6,15.8R,0.96
SW_OTHER,"February 1, 2026",5.2,1.8,-3.4,62.8,-4.2,63.1,9159,67.1,7.9R,1.01
SW_OTHER,"February 1, 2026",5.6,0.8,-4.8,61.1,-5.0,59.9,8863,61.6,5.0R,0.98
SW_OTHER,"February 1, 2026",2.2,4.0,1.8,64.8,-4.2,59.6,10062,61.2,11.7R,0.92
SW_OTHER,"February 1, 2026",8.0,4.1,-3.9,62.3,-4.0,62.2,9715,65.4,16.3R,1.0
SW_OTHER,"February 1, 2026",5.0,1.8,-3.2,64.1,-5.0,63.7,8758,68.1,7.7R,0.99
SW_OTHER,"February 1, 2026",3.8,-1.2,-5.0,62.0,-5.4,61.1,9426,63.4,1.1L,0.98
SW_OTHER,"February 1, 2026",4.0,1.2,-2.8,62.4,-4.6,61.8,8042,65.3,5.1R,0.99
SW_OTHER,"February 1, 2026",-6.4,-2.7,3.7,64.0,-5.6,59.2,7517,61.1,10.1L,0.93
SW_OTHER,"February 11, 2026",7.0,-1.4,-8.4,68.5,-2.4,80.4,8234,96.0,12.6L,1.17
SW_OTHER,"February 11, 2026",5.0,-1.3,-6.3,62.1,-3.0,61.8,9241,64.8,1.1L,1.0
SW_OTHER,"March 13, 2026",5.8,0.2,-5.6,66.4,-5.0,65.0,8927,69.5,2.6R,0.98
SW_OTHER,"March 14, 2026",12.2,3.4,-8.8,62.1,-4.0,61.1,8846,63.7,15.7R,0.98
SW_OTHER,"March 14, 2026",-4.2,0.1,4.3,66.9,-5.4,62.6,9845,65.9,2.1L,0.94
SW_OTHER,"March 14, 2026",-0.2,4.7,4.9,62.4,-8.2,58.0,8580,58.2,11.9R,0.93
SW_OTHER,"March 14, 2026",2.0,4.2,2.2,64.1,-5.8,62.9,8850,66.8,13.7R,0.98
SW_OTHER,"March 14, 2026",3.0,1.1,-1.9,63.3,-4.8,62.9,8490,67.0,4.6R,0.99
SW_OTHER,"March 14, 2026",4.0,1.8,-2.2,67.3,-4.4,78.6,8815,92.6,7.8R,1.17
SW_OTHER,"March 14, 2026",3.8,3.1,-0.7,63.6,-5.0,63.9,8580,68.5,11.5R,1.0
SW_OTHER,"March 18, 2026",0.4,6.3,5.9,64.7,-4.6,60.5,9597,62.6,17.0R,0.94
SW_OTHER,"March 18, 2026",2.2,1.9,-0.3,66.0,-2.0,64.5,10135,69.1,7.1R,0.98
SW_OTHER,"March 18, 2026",0.0,-1.5,-1.5,65.2,-2.4,63.3,8050,67.7,4.9L,0.97
SW_OTHER,"March 18, 2026",0.9,1.8,0.9,66.3,-6.3,63.4,9161,67.4,5.8R,0.96
SW_OTHER,"March 18, 2026",2.2,-0.6,-2.8,67.9,-4.6,75.3,8825,87.4,3.2L,1.11
SW_OTHER,"April 5, 2026",3.0,1.7,-1.3,61.3,-4.6,63.3,9186,67.2,6.5R,1.03
SW_OTHER,"April 11, 2026",2.8,2.4,-0.4,67.9,-3.8,64.8,8143,69.1,8.6R,0.95
SW_OTHER,"April 11, 2026",0.8,1.4,0.6,65.6,-2.8,64.2,8690,69.0,4.9R,0.98
SW_OTHER,"April 11, 2026",2.0,6.2,4.2,64.1,-1.6,59.4,8800,60.9,17.4R,0.93
SW_OTHER,"April 11, 2026",0.2,0.4,0.2,64.5,-2.4,63.4,8500,67.6,1.3R,0.98
SW_OTHER,"April 13, 2026",2.0,4.3,2.3,61.3,0.4,56.6,8362,56.6,11.4R,0.92
SW_OTHER,"June 13, 2026",-1.0,-0.7,0.3,38.6,-2.4,45.5,5509,38.7,1.6L,1.18
SW_OTHER,"June 13, 2026",-0.4,-2.4,-2.0,38.2,0.6,46.5,4302,41.4,4.8L,1.22
SW_OTHER,"June 13, 2026",0.2,-2.9,-3.1,48.3,-2.8,55.0,5751,54.9,7.5L,1.14
SW_OTHER,"June 13, 2026",1.8,-1.1,-2.9,37.7,1.6,42.9,3405,36.2,1.5L,1.14
SW_OTHER,"June 13, 2026",-1.4,-1.6,-0.2,43.9,-2.4,50.7,5763,46.5,3.9L,1.16
SW_OTHER,"June 13, 2026",0.4,0.9,0.5,35.8,-0.2,43.4,4664,36.4,1.6R,1.21
SW_OTHER,"June 13, 2026",-0.8,-1.0,-0.2,35.6,-2.0,41.7,4972,33.3,1.8L,1.17
SW_OTHER,"June 13, 2026",1.6,-1.3,-2.9,36.5,-2.0,45.3,4166,39.4,1.8L,1.24
SW_OTHER,"June 13, 2026",-1.2,-4.9,-3.7,37.1,-2.8,44.3,4979,36.9,8.1L,1.2
SW_OTHER,"June 13, 2026",-4.1,-4.2,-0.1,37.9,-2.1,44.1,4358,33.2,7.4L,1.16
SW_OTHER,"June 13, 2026",-5.6,-4.7,0.9,40.2,0.2,52.2,3565,39.1,9.8L,1.3
SW_OTHER,"June 14, 2026",1.8,0.1,-1.7,62.7,-3.2,62.4,8691,66.0,1.0R,1.0
SW_OTHER,"June 14, 2026",0.4,0.7,0.3,63.1,-1.6,64.6,9133,69.4,2.4R,1.02
SW_OTHER,"June 14, 2026",1.0,-2.6,-3.6,60.5,-2.6,60.7,8357,63.3,6.9L,1.0
SW_OTHER,"June 14, 2026",1.6,-2.1,-3.7,57.3,-3.0,57.9,8616,58.6,4.2L,1.01
